Rank,Team,Seed,Conf,Wins,Losses,AdjEM,AdjO,AdjO Rank,AdjD,AdjD Rank,AdjT,AdjT Rank,Luck,Luck Rank,OppAdjEM,OppAdjEM Rank,OppO,OppO Rank,OppD,OppD Rank,NCSOS AdjEM,NCSOS AdjEM Rank
1,Connecticut,1,BE,31,3,31.67,126.4,1,94.7,13,64.5,330,.047,72,10.04,42,111.4,47,101.4,37,-3.23,284
2,Houston,1,B12,30,4,31.45,118.7,18,87.3,2,63.3,349,.053,59,11.60,15,111.8,38,100.2,7,-0.78,227
3,Purdue,1,B10,29,4,29.07,125.0,4,95.9,21,67.4,174,.045,76,13.81,4,114.1,5,100.3,8,10.36,13
4,Auburn,4,SEC,27,7,28.87,120.6,10,91.7,4,69.8,59,-.067,324,9.69,49,111.9,34,102.2,71,1.65,148
5,Arizona,2,P12,25,8,26.77,121.2,8,94.4,11,71.9,16,-.043,287,11.05,24,112.0,31,101.0,23,10.60,11
6,Iowa St.,2,B12,27,7,26.53,113.8,56,87.2,1,67.4,181,.012,155,10.33,37,111.0,62,100.6,14,-6.92,349
7,Tennessee,2,SEC,24,8,25.92,117.0,28,91.1,3,69.2,79,-.030,267,12.70,7,114.4,2,101.7,54,8.65,22
8,Duke,4,ACC,24,8,24.84,121.8,7,97.0,24,66.7,230,-.077,334,8.65,75,110.6,70,102.0,64,0.22,200
9,North Carolina,1,ACC,27,7,24.57,117.8,25,93.2,6,70.5,42,-.024,250,11.30,20,112.4,19,101.2,31,7.00,39
10,Illinois,3,B10,26,8,23.94,125.5,2,101.6,92,69.9,57,-.032,271,11.16,22,111.7,41,100.5,12,-2.12,260
11,Creighton,3,BE,23,9,22.96,119.9,13,97.0,25,67.1,208,-.013,221,10.84,26,111.9,33,101.1,28,5.48,60
12,Alabama,4,SEC,21,11,22.41,125.5,3,103.1,113,72.7,11,-.028,264,13.71,5,114.5,1,100.8,18,9.26,17
13,Marquette,2,BE,25,9,22.19,118.1,22,95.9,20,69.0,90,.036,96,12.69,8,113.1,8,100.4,10,8.34,23
14,Baylor,3,B12,23,10,22.06,122.4,6,100.3,62,65.6,280,-.004,194,13.94,3,112.7,15,98.8,1,3.20,104
15,Gonzaga,5,WCC,25,7,21.74,121.1,9,99.4,43,69.1,83,-.052,300,3.70,106,108.5,100,104.8,125,7.69,27
16,BYU,6,B12,23,10,20.78,120.3,11,99.5,51,69.1,86,-.034,275,9.54,55,110.4,79,100.9,21,-5.31,326
17,Wisconsin,5,B10,22,13,20.50,120.0,12,99.5,47,65.2,309,-.031,268,14.01,2,113.3,6,99.3,3,6.07,51
18,Saint Mary's,5,WCC,26,7,20.12,115.0,44,94.9,14,62.0,358,.020,129,3.40,110,108.4,104,105.0,131,5.71,57
19,San Diego St.,5,MWC,24,10,20.10,113.8,55,93.7,8,66.0,266,-.032,270,11.54,16,112.9,10,101.4,39,10.91,9
20,Michigan St.,9,B10,19,14,20.01,113.7,58,93.7,9,65.2,308,-.104,355,12.40,9,114.2,4,101.8,57,4.53,79
21,Kentucky,3,SEC,23,9,19.96,122.7,5,102.7,109,72.7,9,-.028,261,9.18,65,111.4,50,102.2,70,-0.07,205
22,New Mexico,11,MWC,26,9,19.36,115.7,41,96.3,22,72.7,8,-.021,245,7.36,84,110.4,80,103.0,87,-0.13,207
23,Kansas,4,B12,22,10,18.96,113.2,67,94.3,10,69.0,92,.048,69,13.57,6,112.8,12,99.2,2,5.25,68
24,Colorado,10,P12,25,10,18.95,117.2,27,98.3,35,67.3,184,.017,142,8.69,74,110.6,74,101.9,63,-1.25,243
25,Texas Tech,6,B12,23,10,18.26,117.8,24,99.5,50,66.7,233,.040,89,10.35,34,111.2,53,100.9,20,-2.39,266
26,Nebraska,8,B10,23,10,18.13,115.8,38,97.7,31,68.6,104,.014,149,9.16,67,110.9,64,101.7,55,-5.12,322
27,Texas,7,B12,20,12,18.13,118.4,20,100.2,61,67.2,197,-.034,274,10.34,36,111.1,56,100.8,17,-2.93,279
28,Florida,7,SEC,24,11,18.12,119.3,15,101.2,85,71.7,18,-.007,201,10.76,29,112.3,23,101.5,47,2.13,134
29,Colorado St.,10,MWC,25,10,18.10,115.8,40,97.7,30,66.0,267,-.027,257,9.67,50,112.1,29,102.4,74,6.09,50
30,St. John's,,BE,20,13,18.02,118.2,21,100.1,59,69.3,78,-.068,326,10.26,39,112.1,28,101.8,61,1.84,142
31,Mississippi St.,8,SEC,21,13,17.95,113.6,60,95.7,18,67.1,200,-.044,289,11.24,21,112.6,16,101.4,41,0.92,169
32,Wake Forest,,ACC,21,13,17.82,117.8,23,100.0,57,68.3,126,-.091,349,8.58,76,109.9,86,101.4,40,-1.75,254
33,Dayton,7,A10,24,7,17.32,118.6,19,101.3,87,64.2,337,.003,170,6.09,89,108.8,98,102.7,80,7.02,38
34,Nevada,10,MWC,26,7,17.23,115.9,36,98.6,38,66.7,235,.059,51,6.18,88,109.9,87,103.8,94,-0.92,231
35,TCU,9,B12,21,12,17.08,115.0,45,97.9,32,69.7,63,-.049,296,9.73,47,110.6,72,100.9,19,-8.22,357
36,Clemson,6,ACC,21,11,16.94,117.5,26,100.5,68,66.2,259,-.022,246,10.21,41,112.2,25,102.0,68,5.33,65
37,Boise St.,10,MWC,22,11,16.45,113.4,64,97.0,26,66.6,241,-.002,188,10.23,40,111.5,43,101.3,36,8.09,24
38,Washington St.,7,P12,24,9,16.39,113.6,63,97.2,28,64.9,314,.021,126,7.26,85,110.0,84,102.8,83,-4.83,315
39,Florida Atlantic,8,Amer,25,8,16.36,118.9,17,102.6,107,68.1,139,-.011,215,5.51,94,109.5,92,104.0,99,6.65,42
40,Pittsburgh,,ACC,22,11,16.34,115.9,35,99.5,49,65.5,296,.005,167,7.85,82,110.7,69,102.8,84,-6.23,340
41,Indiana St.,,MVC,29,6,16.29,119.2,16,102.9,112,70.7,38,.037,93,2.20,127,107.3,134,105.1,137,-4.06,304
42,Cincinnati,,B12,21,14,16.19,111.8,81,95.6,17,67.3,189,-.065,323,9.24,64,110.6,71,101.4,38,-3.96,301
43,Texas A&M,9,SEC,20,14,15.99,115.9,33,99.9,56,65.9,270,-.025,254,11.47,19,112.7,14,101.3,35,5.28,67
44,Northwestern,9,B10,21,11,15.89,116.6,30,100.7,73,63.8,342,.008,165,9.82,46,111.8,37,102.0,66,-7.29,355
45,Oklahoma,,B12,20,12,15.87,114.2,49,98.3,34,67.0,210,-.024,251,10.30,38,110.6,73,100.3,9,-5.28,325
46,Villanova,,BE,18,16,15.63,110.8,91,95.2,15,63.5,347,-.093,352,10.84,27,112.3,22,101.5,44,6.11,49
47,Utah St.,8,MWC,27,6,15.50,115.9,37,100.4,64,68.6,107,.100,14,6.49,87,109.6,91,103.1,88,2.11,135
48,Ohio St.,,B10,21,13,15.37,115.8,39,100.4,66,65.6,282,-.018,236,9.90,44,111.7,40,101.8,60,-1.91,256
49,Utah,,P12,20,14,15.04,114.3,48,99.3,42,69.7,66,-.027,255,10.34,35,111.5,44,101.1,29,5.80,55
50,South Carolina,6,SEC,26,7,15.02,114.7,46,99.7,54,62.9,354,.152,1,7.68,83,110.4,78,102.8,82,-5.87,336
51,Drake,10,MVC,28,6,14.89,115.6,42,100.7,72,67.9,151,.065,43,2.88,119,108.0,113,105.1,134,-1.13,237
52,Grand Canyon,12,WAC,29,4,14.15,113.6,61,99.4,45,68.1,135,.022,119,-1.08,202,104.3,274,105.4,143,-1.25,244
53,Iowa,,B10,19,14,14.12,119.4,14,105.3,156,71.6,19,-.012,218,11.53,18,112.6,17,101.0,26,-1.19,241
54,Virginia Tech,,ACC,19,14,13.68,116.1,31,102.5,102,67.3,186,-.031,269,9.17,66,110.3,81,101.1,27,3.02,114
55,Oregon,11,P12,23,11,13.58,114.1,50,100.6,69,67.2,196,.049,68,9.36,61,111.0,59,101.6,50,0.04,204
56,N.C. State,11,ACC,22,14,12.98,114.4,47,101.4,91,68.1,138,-.000,181,9.39,60,110.9,65,101.5,45,-4.80,314
57,James Madison,12,SB,31,3,12.87,113.8,54,101.0,78,69.5,71,.027,111,-4.34,293,103.4,293,107.8,271,-6.48,342
58,Bradley,,MVC,23,11,12.87,112.6,73,99.8,55,66.2,255,-.040,285,3.98,101,107.8,118,103.8,96,3.20,105
59,Washington,,P12,17,15,12.84,115.2,43,102.4,99,71.1,30,-.081,339,9.59,51,111.0,57,101.4,42,6.14,48
60,Xavier,,BE,16,18,12.84,112.4,75,99.6,52,71.1,31,-.060,317,12.30,10,112.9,9,100.6,13,4.98,71
61,McNeese St.,12,Slnd,30,3,12.74,114.0,52,101.2,86,65.6,283,.016,143,-6.75,338,102.3,321,109.0,337,4.77,75
62,Providence,,BE,21,14,12.57,108.4,137,95.8,19,67.5,168,.010,159,9.46,57,112.0,32,102.5,75,-1.82,255
63,Maryland,,B10,16,17,12.36,107.0,159,94.7,12,65.4,300,-.093,350,9.89,45,111.4,49,101.5,46,-4.67,312
64,UCF,,B12,17,16,12.06,107.6,149,95.5,16,68.6,110,-.072,331,9.49,56,111.0,58,101.5,48,-5.71,333
65,Seton Hall,,BE,21,12,12.00,111.5,84,99.5,48,66.1,263,.078,24,9.44,59,111.5,46,102.0,67,-1.22,242
66,San Francisco,,WCC,23,11,11.93,110.4,100,98.5,37,67.2,193,-.055,307,0.33,160,106.8,151,106.5,193,-2.47,268
67,UNLV,,MWC,20,12,11.82,112.8,71,101.0,80,65.3,304,.009,160,8.30,79,111.0,60,102.7,79,3.91,90
68,Princeton,,Ivy,24,5,11.70,116.8,29,105.1,150,65.4,299,.027,110,0.89,147,106.5,166,105.6,158,3.40,94
69,Kansas St.,,B12,19,15,11.63,108.3,139,96.7,23,67.5,166,.028,106,11.82,14,111.9,35,100.1,5,0.09,202
70,Butler,,BE,18,15,11.48,112.6,74,101.1,83,68.4,121,-.027,259,11.05,23,112.2,27,101.1,30,2.47,125
71,North Texas,,Amer,19,14,11.46,110.5,95,99.0,41,61.7,360,-.105,356,5.77,93,109.8,88,104.1,101,4.48,80
72,SMU,,Amer,20,13,11.26,111.9,78,100.7,71,67.6,163,-.090,348,3.82,104,108.8,99,105.0,129,0.52,188
73,Virginia,10,ACC,23,11,11.10,104.6,211,93.5,7,60.1,362,.108,12,8.57,77,111.5,45,102.9,86,-0.99,234
74,Boston College,,ACC,20,15,10.95,113.2,68,102.3,98,66.9,219,-.012,219,8.38,78,110.1,83,101.7,56,-0.40,215
75,VCU,,A10,23,13,10.84,109.5,110,98.7,40,65.5,291,-.027,258,4.73,99,108.4,106,103.6,92,0.43,190
76,Memphis,,Amer,22,10,10.58,113.1,70,102.5,105,71.5,20,.036,95,5.22,95,109.3,93,104.1,102,5.09,69
77,Minnesota,,B10,19,14,10.44,114.0,51,103.6,125,66.6,239,-.012,217,7.89,81,110.5,76,102.6,78,-12.53,362
78,UC Irvine,,BW,24,10,10.31,109.7,108,99.4,44,68.5,119,-.049,297,0.51,155,106.3,180,105.8,162,6.28,47
79,Penn St.,,B10,16,17,10.31,111.4,86,101.1,81,69.7,62,-.059,313,9.57,52,111.2,55,101.6,49,-3.83,298
80,Appalachian St.,,SB,27,7,10.00,108.4,135,98.4,36,67.0,214,.019,135,-0.97,200,106.6,160,107.6,261,0.54,184
81,Samford,13,SC,29,5,9.87,113.1,69,103.3,117,72.5,14,.129,9,-2.52,242,104.4,266,106.9,215,-5.20,323
82,South Florida,,Amer,25,7,9.83,111.0,88,101.2,84,68.2,132,.061,49,1.15,139,106.6,157,105.5,150,-3.96,300
83,Florida St.,,ACC,17,16,9.56,110.5,94,101.0,79,71.1,32,.013,151,10.67,31,112.4,20,101.8,58,3.19,107
84,USC,,P12,15,18,9.51,110.4,99,100.9,75,68.1,140,-.042,286,10.94,25,111.6,42,100.7,16,6.31,46
85,Duquesne,11,A10,24,11,9.43,107.0,164,97.5,29,66.3,251,.049,66,5.02,97,109.1,94,104.1,104,1.95,139
86,Yale,13,Ivy,22,9,9.39,110.8,92,101.4,89,64.5,329,.001,178,2.15,128,108.4,105,106.2,178,5.49,59
87,Mississippi,,SEC,20,12,9.25,113.9,53,104.7,144,66.9,218,.095,16,8.89,72,110.9,63,102.0,69,-1.40,250
88,Syracuse,,ACC,20,12,9.25,111.0,87,101.7,94,70.6,41,.132,8,10.43,32,112.1,30,101.6,51,3.33,101
89,Richmond,,A10,23,10,9.14,107.3,155,98.1,33,66.8,228,.043,85,3.67,107,107.9,116,104.2,107,-2.65,270
90,Georgia,,SEC,18,16,9.05,109.5,112,100.4,67,68.4,122,.013,153,9.56,54,112.3,24,102.7,81,0.35,194
91,Massachusetts,,A10,20,11,8.66,111.8,80,103.1,114,68.1,136,-.063,321,0.91,146,106.5,165,105.6,157,-5.05,319
92,Indiana,,B10,19,14,8.62,109.7,107,101.1,82,68.5,117,.138,6,11.93,13,113.1,7,101.2,32,-0.65,223
93,Loyola Chicago,,A10,23,10,8.43,105.5,191,97.1,27,68.6,106,.056,54,3.33,111,107.7,121,104.4,111,-3.25,285
94,Louisiana Tech,,CUSA,22,10,8.43,108.8,129,100.3,63,65.7,278,-.072,330,0.08,171,104.9,244,104.9,127,4.23,85
95,LSU,,SEC,17,16,8.21,110.4,101,102.2,97,69.8,60,-.019,240,9.01,71,111.4,48,102.4,72,-1.18,240
96,George Mason,,A10,20,12,8.15,109.5,111,101.4,90,63.6,344,-.033,272,2.58,124,107.8,119,105.2,139,-2.92,277
97,UCLA,,P12,16,17,7.78,107.2,156,99.5,46,63.0,352,-.028,262,9.08,69,110.5,75,101.5,43,0.74,175
98,Saint Joseph's,,A10,21,14,7.67,110.5,93,102.9,111,68.4,124,-.044,288,2.84,120,107.4,131,104.6,116,-5.93,338
99,Charleston,13,CAA,27,7,7.60,113.7,57,106.1,175,69.8,58,.050,63,-2.02,226,105.5,214,107.5,255,0.04,203
100,St. Bonaventure,,A10,20,13,7.48,111.6,82,104.2,135,65.5,292,-.019,238,2.81,121,106.8,152,104.0,98,-4.02,302
101,Miami FL,,ACC,15,17,7.45,110.8,90,103.4,118,68.5,112,-.059,314,9.33,63,111.0,61,101.6,52,-2.43,267
102,Rutgers,,B10,15,17,7.39,99.2,298,91.8,5,67.8,153,-.000,183,11.54,17,112.8,11,101.2,34,-2.92,278
103,Cornell,,Ivy,22,8,7.29,113.4,65,106.2,176,71.5,22,.024,117,0.75,149,106.3,181,105.5,153,0.42,191
104,Vermont,13,AE,28,6,6.97,107.1,158,100.2,60,63.3,350,.063,47,-2.55,243,104.4,263,106.9,217,2.68,119
105,Stanford,,P12,14,18,6.55,110.4,98,103.9,129,69.6,69,-.052,299,8.21,80,110.2,82,102.0,65,-1.49,251
106,UAB,12,Amer,23,11,6.47,113.7,59,107.2,199,67.8,154,.116,11,4.77,98,109.1,95,104.3,109,2.22,131
107,Santa Clara,,WCC,20,13,5.80,109.9,106,104.1,133,69.1,85,.013,150,2.92,118,107.9,117,104.9,128,4.33,83
108,Arkansas,,SEC,16,17,5.74,110.0,104,104.2,136,70.8,35,.046,73,9.70,48,112.5,18,102.8,85,2.20,132
109,Western Carolina,,SC,22,10,5.68,109.2,117,103.5,123,66.8,223,.002,175,-0.48,186,106.3,178,106.8,213,0.26,197
110,Northern Iowa,,MVC,19,14,5.67,109.2,118,103.5,122,66.7,234,.036,97,5.20,96,109.0,97,103.8,95,6.50,43
111,Belmont,,MVC,20,13,5.43,109.4,113,103.9,131,71.2,29,.056,55,3.00,114,108.1,109,105.1,133,1.63,149
112,Morehead St.,14,OVC,26,8,5.40,109.0,124,103.6,124,64.3,335,.044,81,-5.74,321,103.2,298,108.9,333,7.86,26
113,High Point,,BSth,25,8,5.36,115.9,34,110.5,262,68.6,109,-.061,319,-4.32,291,104.2,278,108.5,311,-4.26,309
114,Hofstra,,CAA,20,13,5.33,108.5,134,103.2,116,65.6,281,-.038,281,-0.06,174,107.7,122,107.7,266,5.68,58
115,UT Arlington,,WAC,20,14,5.17,109.2,119,104.0,132,71.0,34,.018,137,1.92,130,106.3,176,104.4,112,9.92,16
116,Oklahoma St.,,B12,12,20,5.09,108.9,127,103.8,128,67.0,209,-.070,328,9.57,53,110.5,77,101.0,22,-5.46,331
117,Akron,14,MAC,24,10,4.97,107.0,162,102.0,96,65.9,268,-.002,189,-1.71,217,105.5,216,107.2,233,6.74,40
118,Charlotte,,Amer,19,12,4.81,108.7,130,103.9,130,62.4,356,.046,75,3.02,113,108.0,112,105.0,130,2.87,117
119,UNC Wilmington,,CAA,21,10,4.79,113.3,66,108.5,223,65.3,305,.020,130,-0.19,177,106.5,169,106.7,205,6.05,52
120,Seattle,,WAC,19,14,4.76,105.4,194,100.6,70,66.7,229,-.085,343,-0.45,185,104.7,257,105.1,135,-0.91,230
121,California,,P12,13,19,4.60,109.0,123,104.4,141,68.5,118,-.003,191,9.13,68,110.8,66,101.7,53,0.96,168
122,UC San Diego,,BW,21,11,4.59,111.9,79,107.3,200,65.4,303,-.010,213,-1.74,219,104.3,269,106.1,172,-0.50,218
123,Southern Illinois,,MVC,19,13,4.59,109.3,115,104.7,145,64.4,333,-.018,235,0.96,144,106.8,153,105.8,164,-6.82,346
124,Davidson,,A10,15,17,4.28,105.6,189,101.3,88,65.6,286,-.080,338,4.45,100,108.0,110,103.6,91,1.07,167
125,Notre Dame,,ACC,13,20,4.19,102.8,243,98.6,39,64.3,336,-.012,220,9.34,62,111.2,54,101.9,62,-0.83,229
126,Drexel,,CAA,20,12,4.18,108.3,140,104.1,134,64.5,331,-.035,276,-1.76,220,105.6,204,107.4,245,0.67,178
127,Arizona St.,,P12,14,18,3.90,104.0,219,100.1,58,69.1,84,.064,45,10.73,30,111.8,39,101.0,25,6.42,44
128,Michigan,,B10,8,24,3.77,110.5,96,106.7,183,67.4,173,-.083,341,14.13,1,114.3,3,100.2,6,7.89,25
129,Tarleton St.,,WAC,25,9,3.76,109.6,109,105.8,168,66.7,232,.145,4,0.17,166,104.7,256,104.5,115,5.39,62
130,Georgia Tech,,ACC,14,18,3.76,108.9,125,105.2,153,67.5,167,.072,31,10.82,28,111.3,51,100.5,11,5.00,70
131,Troy,,SB,20,12,3.72,107.2,157,103.4,119,69.7,67,-.052,302,-1.55,214,105.4,221,106.9,216,1.11,164
132,Arkansas St.,,SB,18,16,3.32,113.6,62,110.3,259,67.8,152,-.024,252,0.67,152,106.7,155,106.0,171,2.47,124
133,Western Kentucky,15,CUSA,22,11,3.07,105.6,190,102.5,104,75.2,1,-.051,298,-2.41,240,103.7,289,106.1,174,-2.74,274
134,Youngstown St.,,Horz,22,10,3.00,108.2,143,105.1,152,68.9,95,-.022,247,-3.94,285,105.5,215,109.4,353,1.42,155
135,Tulane,,Amer,14,17,2.99,110.8,89,107.8,210,72.6,12,-.086,344,3.88,103,108.3,108,104.4,110,-3.02,282
136,South Dakota St.,15,Sum,22,12,2.95,108.6,132,105.7,164,67.9,150,-.018,234,-2.30,236,105.7,201,108.0,283,3.15,109
137,Oakland,14,Horz,23,11,2.81,108.6,133,105.8,166,66.7,231,.082,21,-0.96,199,107.2,139,108.1,289,9.96,15
138,Liberty,,CUSA,18,14,2.77,109.2,120,106.4,179,64.6,328,-.052,303,0.35,159,104.5,259,104.2,105,3.34,99
139,Toledo,,MAC,20,12,2.68,112.7,72,110.0,252,69.3,76,.004,168,-1.23,207,105.4,219,106.6,203,5.29,66
140,Chattanooga,,SC,21,12,2.52,110.4,97,107.9,212,66.9,216,.027,109,-1.85,222,105.3,225,107.1,230,-4.08,305
141,Sam Houston St.,,CUSA,21,12,2.36,106.0,181,103.7,127,67.5,169,.066,42,0.12,168,104.4,264,104.3,108,3.12,111
142,Furman,,SC,17,16,2.36,109.9,105,107.6,208,68.7,98,-.068,327,1.02,142,107.5,129,106.4,191,2.42,126
143,Ohio,,MAC,20,13,2.25,109.1,122,106.8,188,67.4,179,-.096,353,-4.22,290,104.0,284,108.2,293,-2.52,269
144,Colgate,14,Pat,25,9,2.12,104.6,209,102.5,106,66.3,253,.057,53,-6.89,341,101.9,332,108.8,328,6.66,41
145,West Virginia,,B12,9,23,2.00,108.3,141,106.3,177,68.5,120,-.009,210,12.17,11,111.9,36,99.7,4,2.89,116
146,St. Thomas,,Sum,20,13,1.85,107.7,148,105.8,171,62.9,353,-.087,346,-4.62,299,104.7,253,109.3,351,-3.59,292
147,Towson,,CAA,20,14,1.82,103.5,227,101.7,93,62.3,357,.012,154,-0.91,196,106.5,162,107.5,251,1.89,141
148,Missouri St.,,MVC,17,16,1.76,104.5,212,102.8,110,67.8,157,.022,120,2.74,122,107.5,128,104.7,123,-3.03,283
149,UNC Greensboro,,SC,21,11,1.70,109.2,121,107.5,204,64.8,321,.070,34,-0.51,188,106.2,182,106.7,208,-0.24,211
150,Eastern Washington,,BSky,21,11,1.66,112.0,76,110.4,260,70.5,45,.072,33,-1.12,205,106.2,183,107.3,243,9.19,19
151,Missouri,,SEC,8,24,1.62,108.4,136,106.8,187,66.6,238,-.137,362,9.97,43,112.4,21,102.4,73,-1.35,246
152,Louisiana,,SB,19,14,1.50,105.9,183,104.4,140,68.7,99,-.017,231,-0.42,183,106.6,161,107.0,222,2.10,136
153,UMass Lowell,,AE,22,10,1.41,106.2,176,104.8,147,70.1,52,-.004,195,-3.93,284,102.2,322,106.2,176,-2.83,275
154,Wyoming,,MWC,15,17,1.35,108.9,126,107.6,206,67.2,199,.038,90,7.19,86,110.7,67,103.5,90,2.79,118
155,Weber St.,,BSky,20,12,1.32,108.7,131,107.4,202,65.6,287,-.014,226,-2.14,231,105.3,224,107.5,249,4.56,78
156,Wichita St.,,Amer,15,19,1.29,104.8,208,103.5,120,68.0,145,-.037,280,3.91,102,109.0,96,105.1,136,1.78,144
157,Oregon St.,,P12,13,19,0.96,107.0,165,106.0,174,65.2,310,.044,82,9.44,58,110.7,68,101.2,33,0.83,172
158,Longwood,16,BSth,21,13,0.93,105.7,188,104.8,146,66.8,225,-.047,294,-3.91,282,104.6,258,108.5,310,-6.63,344
159,Montana,,BSky,23,11,0.92,111.6,83,110.7,266,66.3,252,.075,30,-3.20,266,104.9,245,108.1,287,2.27,129
160,Purdue Fort Wayne,,Horz,22,12,0.86,105.2,199,104.3,137,70.7,37,-.046,292,-5.88,324,104.1,283,109.9,360,-8.93,358
161,Wright St.,,Horz,18,14,0.80,115.9,32,115.1,348,71.4,23,-.058,312,-2.34,237,105.1,238,107.5,253,4.47,81
162,Murray St.,,MVC,12,20,0.71,107.5,151,106.8,185,64.3,334,-.113,360,3.43,109,107.5,125,104.1,103,0.23,199
163,Long Beach St.,15,BW,21,14,-0.00,107.7,147,107.7,209,71.3,27,.047,71,-0.44,184,105.0,242,105.4,146,1.56,152
164,UNC Asheville,,BSth,22,12,-0.11,107.5,152,107.6,207,68.1,137,.083,20,-0.95,197,106.4,173,107.3,244,3.61,93
165,Hawaii,,BW,20,14,-0.30,104.9,204,105.2,154,66.1,262,-.008,204,-2.69,247,104.1,282,106.8,210,-4.99,318
166,Fairfield,,MAAC,22,12,-0.30,108.8,128,109.1,239,68.3,127,.015,148,-5.10,313,101.7,335,106.8,214,-2.33,265
167,Lipscomb,,ASun,20,12,-0.34,112.0,77,112.3,310,69.0,91,.010,157,-3.68,277,105.4,218,109.1,338,2.49,123
168,Utah Valley,,WAC,16,16,-0.37,100.0,289,100.4,65,67.6,162,.000,179,1.84,131,106.4,171,104.6,117,7.42,33
169,Quinnipiac,,MAAC,24,9,-0.39,106.0,182,106.4,178,71.3,26,.079,23,-6.64,337,101.1,344,107.8,269,-6.91,348
170,Delaware,,CAA,19,14,-0.63,105.0,202,105.6,162,67.4,177,-.014,224,-2.80,249,105.2,236,108.0,282,-0.46,216
171,Stony Brook,,CAA,20,15,-0.64,106.3,174,107.0,195,67.5,170,.054,58,-1.09,203,105.4,217,106.5,198,1.30,157
172,Kent St.,,MAC,17,17,-0.66,106.1,177,106.8,186,66.5,245,-.083,342,-1.72,218,105.3,230,107.0,221,3.88,92
173,UC Davis,,BW,20,13,-0.75,102.4,249,103.1,115,67.1,201,.035,100,-2.05,227,105.3,223,107.4,246,-3.57,290
174,Bryant,,AE,20,13,-0.85,101.1,267,101.9,95,74.1,3,.066,40,-1.29,209,104.3,268,105.6,160,3.90,91
175,Stephen F. Austin,,WAC,18,15,-0.89,101.8,257,102.7,108,69.2,81,.008,163,-0.26,179,105.2,237,105.4,147,-0.53,219
176,East Tennessee St.,,SC,19,16,-0.98,103.4,229,104.4,139,67.0,212,.028,107,0.17,165,106.4,172,106.2,179,1.32,156
177,Winthrop,,BSth,17,15,-1.13,106.9,167,108.0,214,66.9,217,-.057,309,-1.63,216,106.0,186,107.7,264,1.16,163
178,UTEP,,CUSA,18,16,-1.16,98.4,307,99.6,53,69.7,65,-.009,209,-0.34,181,105.2,233,105.6,156,-0.74,226
179,Illinois St.,,MVC,15,17,-1.69,102.7,244,104.4,138,63.7,343,.021,123,1.53,134,107.6,124,106.0,168,-3.76,295
180,Texas St.,,SB,17,18,-1.82,100.6,275,102.4,101,66.4,250,.037,92,1.73,132,107.2,138,105.5,151,7.48,29
181,Temple,,Amer,16,20,-2.01,102.6,245,104.6,143,66.8,226,.033,101,2.69,123,108.5,102,105.8,163,-1.36,248
182,Texas A&M Corpus Chris,,Slnd,21,12,-2.03,100.4,278,102.5,103,68.8,96,-.006,199,-7.11,345,102.0,331,109.1,339,1.76,145
183,Tulsa,,Amer,16,15,-2.06,103.1,238,105.1,151,70.5,43,.001,176,-0.69,193,106.1,185,106.8,209,-10.09,360
184,Little Rock,,OVC,21,12,-2.21,107.0,163,109.2,241,68.7,101,-.004,193,-8.78,356,100.8,348,109.6,355,-5.95,339
185,East Carolina,,Amer,15,18,-2.26,104.9,205,107.1,197,64.9,313,-.002,190,1.51,135,107.1,142,105.6,161,-6.23,341
186,Cleveland St.,,Horz,20,14,-2.31,107.8,146,110.1,257,67.3,191,.016,146,-3.62,274,104.7,252,108.3,299,-0.63,222
187,Loyola Marymount,,WCC,12,19,-2.31,108.4,138,110.7,267,64.6,326,-.112,359,0.23,163,106.6,159,106.4,189,-1.53,252
188,Northern Kentucky,,Horz,18,15,-2.34,103.2,235,105.5,160,68.0,141,.018,139,-1.99,225,106.3,179,108.3,294,4.59,77
189,Vanderbilt,,SEC,9,23,-2.35,105.1,200,107.5,205,65.6,284,.023,118,10.40,33,112.2,26,101.8,59,-1.36,247
190,Brown,,Ivy,13,18,-2.37,104.3,216,106.7,182,67.2,198,-.010,212,1.28,138,106.7,156,105.4,144,0.41,192
191,Saint Peter's,15,MAAC,19,13,-2.37,98.6,306,100.9,77,64.0,338,.021,125,-4.22,289,102.7,313,107.0,220,0.58,182
192,Fordham,,A10,13,20,-2.37,101.2,266,103.6,126,68.6,105,-.027,256,1.97,129,107.0,145,105.0,132,-5.73,335
193,Illinois Chicago,,MVC,12,21,-2.59,100.9,271,103.5,121,68.2,134,-.064,322,2.96,116,107.6,123,104.6,121,-2.69,272
194,Wofford,,SC,17,15,-2.59,107.5,150,110.1,253,65.5,290,.060,50,1.39,137,107.4,133,106.0,167,4.03,88
195,La Salle,,A10,16,17,-2.73,106.0,180,108.8,233,66.6,243,.045,78,1.42,136,106.9,146,105.5,152,-7.18,352
196,Saint Louis,,A10,13,20,-2.79,111.4,85,114.2,339,69.3,75,.061,48,5.89,92,108.5,101,102.6,77,3.37,96
197,Northern Colorado,,BSky,19,13,-2.81,109.4,114,112.2,304,69.9,55,.026,114,-3.93,283,104.7,255,108.6,320,-2.14,261
198,Jacksonville St.,,CUSA,14,18,-2.83,102.0,255,104.9,148,64.7,322,-.109,357,-1.60,215,104.5,261,106.1,173,-2.29,264
199,Monmouth,,CAA,18,15,-2.85,105.7,187,108.5,225,67.8,155,.058,52,-1.36,210,105.9,191,107.2,238,1.84,143
200,Cal Baptist,,WAC,16,17,-2.85,103.0,240,105.8,169,63.6,346,-.045,291,-1.50,212,103.8,286,105.3,141,-5.88,337
201,Louisville,,ACC,8,24,-3.06,105.3,198,108.3,218,69.8,61,-.036,279,8.77,73,111.3,52,102.5,76,-4.19,308
202,UC Santa Barbara,,BW,16,15,-3.30,106.4,173,109.7,244,67.3,190,-.014,223,-2.27,234,103.9,285,106.2,177,-4.15,307
203,George Washington,,A10,15,17,-3.35,107.3,154,110.7,265,69.7,64,-.011,216,0.48,156,105.7,203,105.2,138,-10.25,361
204,Gardner Webb,,BSth,17,16,-3.49,102.4,250,105.8,170,69.4,74,.078,25,1.05,141,107.5,126,106.5,195,7.45,31
205,Evansville,,MVC,16,17,-3.57,103.1,237,106.7,181,68.5,113,.064,46,2.45,126,107.2,141,104.7,122,-5.72,334
206,Georgetown,,BE,9,23,-3.57,110.0,103,113.6,332,66.6,240,-.021,244,9.03,70,110.0,85,101.0,24,-7.04,351
207,Lamar,,Slnd,19,14,-3.71,104.4,215,108.1,216,68.2,133,-.030,266,-7.37,348,102.0,329,109.4,352,-2.94,280
208,Rhode Island,,A10,12,20,-3.80,106.7,169,110.5,261,68.7,102,-.001,187,3.77,105,107.9,115,104.2,106,0.89,170
209,UMKC,,Sum,16,16,-3.86,101.4,262,105.2,155,66.5,246,-.029,265,-3.16,264,105.5,210,108.7,323,0.53,186
210,Marist,,MAAC,18,13,-3.88,97.0,322,100.9,76,64.7,323,.001,177,-6.47,335,101.4,341,107.9,273,-7.49,356
211,UC Riverside,,BW,16,18,-3.97,104.8,206,108.8,231,67.0,211,.021,128,-0.08,175,105.4,220,105.4,148,3.91,89
212,Penn,,Ivy,11,18,-4.00,109.3,116,113.3,326,65.4,301,-.071,329,1.58,133,107.0,144,105.4,145,2.61,120
213,Mercer,,SC,16,17,-4.01,104.4,214,108.4,220,66.1,264,.035,99,-0.51,189,106.5,164,107.0,223,-2.27,263
214,Merrimack,,NEC,21,12,-4.02,96.9,324,100.9,74,67.3,183,.018,140,-8.42,354,100.5,352,108.9,332,4.08,87
215,Eastern Kentucky,,ASun,17,14,-4.06,107.0,166,111.0,277,68.7,100,.016,145,-3.78,280,105.9,189,109.7,357,3.33,100
216,Tennessee Martin,,OVC,21,11,-4.11,106.6,171,110.7,268,72.8,7,.066,41,-5.94,326,102.1,327,108.0,281,3.14,110
217,Abilene Christian,,WAC,16,18,-4.16,101.5,260,105.6,163,68.5,114,.050,65,0.47,157,104.9,250,104.4,113,0.68,177
218,Georgia St.,,SB,14,17,-4.16,105.7,186,109.9,249,67.9,148,-.019,237,-0.66,192,105.8,194,106.5,192,0.65,179
219,Stetson,16,ASun,22,12,-4.31,110.2,102,114.5,343,66.2,257,.137,7,-3.40,271,105.3,229,108.7,322,4.85,74
220,Montana St.,16,BSky,17,18,-4.35,103.6,225,107.9,211,68.8,97,-.009,208,-3.03,260,105.5,212,108.5,315,0.25,198
221,Rider,,MAAC,15,17,-4.41,102.9,242,107.3,201,67.9,147,-.018,232,-1.94,223,103.6,291,105.5,155,9.22,18
222,South Alabama,,SB,16,16,-4.46,104.5,213,108.9,236,68.2,131,.043,83,-2.19,232,105.0,243,107.2,232,-4.89,317
223,Pepperdine,,WCC,13,20,-4.56,106.3,175,110.8,271,67.3,187,-.087,347,0.94,145,106.8,149,105.9,165,1.10,166
224,Iona,,MAAC,16,17,-4.56,103.7,223,108.2,217,67.0,213,-.045,290,-4.57,298,103.0,302,107.5,260,-0.16,209
225,Milwaukee,,Horz,20,15,-4.64,107.9,144,112.5,315,70.1,51,.067,38,-3.03,258,105.3,228,108.3,296,1.59,150
226,Harvard,,Ivy,14,13,-4.84,102.0,254,106.9,191,67.4,175,.075,29,-0.18,176,107.1,143,107.2,240,-1.73,253
227,Rice,,Amer,11,21,-4.87,106.6,170,111.5,289,65.8,273,-.059,315,3.07,112,107.9,114,104.9,126,-0.10,206
228,Radford,,BSth,16,17,-4.94,107.3,153,112.3,308,63.5,348,.018,138,-1.42,211,105.8,195,107.2,235,0.36,193
229,Fresno St.,,MWC,12,21,-4.99,103.8,222,108.8,232,65.6,288,.002,174,6.01,90,109.7,90,103.7,93,-3.58,291
230,Green Bay,,Horz,18,14,-5.09,103.9,221,109.0,237,63.6,345,.070,36,-2.79,248,105.5,213,108.3,295,2.41,127
231,Cal St. Fullerton,,BW,14,18,-5.12,100.2,283,105.3,157,66.4,249,.019,133,0.65,153,105.9,188,105.3,140,5.82,54
232,Maine,,AE,15,17,-5.12,97.3,319,102.4,100,65.4,298,.003,172,-2.39,239,104.4,265,106.8,211,-0.97,232
233,Nicholls St.,,Slnd,20,14,-5.13,104.6,210,109.7,245,66.2,258,.101,13,-3.04,261,104.1,281,107.1,227,10.05,14
234,Cal St. Northridge,,BW,19,15,-5.16,100.2,284,105.4,159,72.6,13,.051,62,-2.89,253,104.1,280,107.0,219,-7.24,354
235,North Dakota,,Sum,18,14,-5.27,105.4,193,110.7,269,66.6,237,.025,115,-5.12,314,104.9,246,110.0,361,-5.45,330
236,Norfolk St.,,MEAC,22,11,-5.28,103.3,232,108.6,226,66.5,247,.081,22,-6.98,344,100.8,347,107.8,272,2.49,122
237,Columbia,,Ivy,13,14,-5.33,106.7,168,112.0,299,68.5,115,-.036,278,-2.29,235,104.3,272,106.6,202,-7.20,353
238,Marshall,,SB,13,20,-5.42,101.4,261,106.8,190,70.4,46,-.013,222,0.10,170,106.7,154,106.6,204,2.20,133
239,Bowling Green,,MAC,20,14,-5.52,102.4,248,107.9,213,67.6,160,.048,70,-5.27,316,103.1,300,108.4,302,-5.33,327
240,San Jose St.,,MWC,9,23,-5.61,106.1,179,111.7,293,65.7,276,-.038,282,5.90,91,109.8,89,103.9,97,-3.62,293
241,Florida Gulf Coast,,ASun,14,18,-5.63,103.3,234,108.9,235,63.8,341,-.054,305,-2.25,233,106.9,147,109.1,342,4.92,73
242,Southern Miss,,SB,16,16,-5.64,101.3,264,107.0,194,68.0,144,.055,56,-0.52,190,105.8,197,106.3,180,1.58,151
243,North Florida,,ASun,16,16,-5.65,107.0,160,112.7,317,67.1,207,-.007,202,-3.39,270,106.0,187,109.4,354,1.10,165
244,Albany,,AE,13,19,-5.74,105.3,195,111.0,278,73.0,6,-.079,337,-2.99,256,103.0,301,106.0,169,-2.96,281
245,Cal St. Bakersfield,,BW,13,19,-5.79,101.2,265,107.0,196,64.8,320,-.035,277,-0.79,195,105.7,200,106.5,197,0.71,176
246,Austin Peay,,ASun,19,16,-5.84,108.2,142,114.0,336,64.7,324,.052,60,-3.00,257,105.8,196,108.8,327,4.66,76
247,New Hampshire,,AE,16,15,-5.90,100.0,290,105.9,172,71.4,25,.077,26,-2.14,230,104.3,270,106.5,194,0.53,185
248,Portland St.,,BSky,17,15,-5.94,99.7,294,105.6,161,69.3,77,.033,102,-2.87,252,105.7,198,108.6,319,-0.35,213
249,Southern Utah,,WAC,10,21,-5.98,105.9,184,111.9,296,69.5,70,-.076,333,0.87,148,104.9,248,104.0,100,2.50,121
250,Mount St. Mary's,,MAAC,13,19,-6.05,102.5,247,108.5,224,69.0,89,-.118,361,-5.97,328,101.6,340,107.5,259,-5.39,329
251,North Alabama,,ASun,15,17,-6.31,105.8,185,112.1,300,67.8,156,.009,162,-2.97,255,105.9,190,108.9,335,2.39,128
252,Northeastern,,CAA,12,20,-6.33,105.3,196,111.6,291,65.7,277,-.018,233,-1.07,201,105.7,202,106.8,212,1.19,161
253,UTSA,,Amer,11,21,-6.51,107.0,161,113.5,331,70.5,44,-.001,184,0.45,158,106.1,184,105.6,159,-6.71,345
254,Idaho St.,,BSky,14,20,-6.72,103.4,230,110.1,256,63.9,339,-.054,304,-3.19,265,105.6,207,108.8,325,-0.78,228
255,North Carolina Central,,MEAC,18,13,-6.74,104.9,203,111.6,292,66.6,244,-.004,196,-8.06,351,100.0,356,108.0,284,0.58,181
256,Air Force,,MWC,9,22,-6.85,106.1,178,113.0,320,61.8,359,-.046,293,3.63,108,108.5,103,104.8,124,-9.43,359
257,Miami OH,,MAC,15,17,-6.85,99.8,292,106.6,180,67.4,182,-.016,228,-2.83,251,104.3,273,107.1,229,1.17,162
258,San Diego,,WCC,18,15,-6.88,100.6,276,107.5,203,71.1,33,.147,3,0.12,169,107.3,135,107.2,236,-3.79,297
259,Nebraska Omaha,,Sum,15,18,-6.90,104.1,217,111.0,275,67.3,185,-.056,308,-3.66,276,105.6,205,109.2,347,-1.27,245
260,Grambling St.,16,SWAC,21,14,-6.96,100.2,282,107.2,198,64.8,316,.139,5,-5.06,310,101.3,343,106.4,185,15.31,4
261,The Citadel,,SC,11,21,-7.04,103.0,239,110.0,251,65.5,297,-.111,358,-0.03,173,106.5,163,106.6,199,-0.37,214
262,Southern,,SWAC,18,14,-7.29,97.3,320,104.5,142,67.4,172,.068,37,-5.27,315,101.9,334,107.1,231,15.32,3
263,Lehigh,,Pat,14,18,-7.33,99.6,295,106.9,192,70.0,53,-.073,332,-5.77,322,101.7,337,107.5,252,7.43,32
264,Central Connecticut,,NEC,20,11,-7.35,101.1,268,108.4,219,66.9,220,.049,67,-9.83,362,99.5,362,109.3,350,-1.14,239
265,Kennesaw St.,,ASun,15,16,-7.55,105.3,197,112.8,318,74.0,4,.019,132,-3.95,286,105.8,193,109.8,359,-0.23,210
266,Denver,,Sum,17,17,-7.67,107.9,145,115.5,351,70.3,48,.018,136,-3.08,263,105.5,211,108.6,317,-0.99,233
267,Ball St.,,MAC,15,16,-7.75,103.0,241,110.7,270,66.8,222,-.025,253,-5.99,329,102.9,309,108.9,331,-5.26,324
268,Western Illinois,,OVC,21,12,-7.88,97.9,314,105.8,167,64.6,325,.121,10,-6.86,340,102.3,318,109.2,344,1.76,146
269,Texas Southern,,SWAC,16,17,-7.89,98.8,304,106.7,184,68.0,146,.019,134,-6.23,332,102.0,330,108.2,292,11.88,8
270,Niagara,,MAAC,16,16,-7.90,103.4,231,111.3,283,67.3,188,.021,127,-5.78,323,101.3,342,107.1,225,-3.77,296
271,Queens,,ASun,14,19,-7.99,103.9,220,111.9,297,72.7,10,.037,91,-1.29,208,107.3,137,108.6,316,5.46,61
272,Presbyterian,,BSth,14,18,-8.12,103.3,233,111.5,288,67.2,194,-.021,243,-4.15,288,104.2,276,108.4,303,-6.95,350
273,UMBC,,AE,11,21,-8.26,105.0,201,113.3,325,73.1,5,-.079,336,-4.54,297,102.0,328,106.6,201,-6.86,347
274,Canisius,,MAAC,14,18,-8.28,100.2,285,108.5,221,66.8,224,.026,112,-2.59,245,104.1,279,106.7,207,5.37,64
275,North Dakota St.,,Sum,15,17,-8.29,104.1,218,112.3,311,65.6,285,.076,27,-1.21,206,107.2,140,108.4,304,3.31,103
276,Jacksonville,,ASun,16,17,-8.31,101.0,269,109.3,242,65.5,293,.043,84,-3.62,275,106.5,168,110.1,362,0.27,196
277,Bucknell,,Pat,14,19,-8.31,100.3,279,108.6,227,64.8,319,-.023,249,-5.56,319,102.2,323,107.8,270,2.26,130
278,Central Michigan,,MAC,18,14,-8.38,96.6,328,105.0,149,65.0,312,.148,2,-3.28,267,104.3,267,107.6,263,3.32,102
279,Howard,16,MEAC,18,17,-8.53,105.5,192,114.0,335,67.7,158,.011,156,-6.91,342,100.6,351,107.5,258,0.13,201
280,Georgia Southern,,SB,9,24,-8.56,104.8,207,113.3,328,68.9,94,-.048,295,-0.78,194,105.5,209,106.3,182,-0.69,224
281,Oral Roberts,,Sum,12,19,-8.66,103.5,226,112.2,305,67.6,161,-.000,180,-0.60,191,106.8,150,107.4,248,7.25,35
282,Middle Tennessee,,CUSA,14,19,-8.73,98.1,311,106.8,189,65.5,295,.072,32,0.73,150,105.3,222,104.6,118,0.60,180
283,Binghamton,,AE,15,15,-8.88,102.5,246,111.4,287,66.2,254,.070,35,-3.43,273,102.9,306,106.4,187,-3.68,294
284,FIU,,CUSA,11,22,-9.02,101.6,259,110.6,263,70.2,50,-.010,211,-0.95,198,104.4,262,105.4,142,-2.71,273
285,Utah Tech,,WAC,11,20,-9.07,99.7,293,108.7,229,70.3,47,.042,86,0.65,154,105.3,226,104.6,120,0.87,171
286,SIU Edwardsville,,OVC,17,16,-9.53,101.3,263,110.9,273,67.1,202,.015,147,-6.47,334,102.2,325,108.6,321,1.28,159
287,Old Dominion,,SB,7,25,-9.76,99.0,301,108.7,230,70.0,54,-.086,345,0.19,164,106.5,167,106.3,181,1.97,138
288,New Mexico St.,,CUSA,13,19,-9.81,99.4,297,109.2,240,66.1,261,.065,44,2.93,117,106.4,170,103.5,89,7.24,37
289,Tennessee St.,,OVC,18,15,-9.87,99.0,302,108.8,234,68.4,125,.036,94,-6.56,336,102.3,319,108.9,334,1.45,154
290,USC Upstate,,BSth,10,20,-9.88,100.0,288,109.9,248,67.1,205,.020,131,-0.41,182,106.9,148,107.3,241,3.03,113
291,Wagner,16,NEC,17,15,-9.91,96.1,333,106.0,173,61.4,361,.035,98,-8.09,353,100.4,353,108.5,313,-1.14,238
292,Sacred Heart,,NEC,16,16,-10.07,102.1,253,112.2,303,69.2,80,-.028,260,-9.51,361,99.7,361,109.3,348,-3.90,299
293,Delaware St.,,MEAC,15,18,-10.08,95.7,335,105.8,165,68.5,111,-.006,200,-6.96,343,101.9,333,108.8,329,-0.50,217
294,Alcorn St.,,SWAC,14,18,-10.22,106.4,172,116.6,354,66.4,248,.054,57,-3.29,268,103.1,299,106.4,190,15.23,5
295,American,,Pat,16,16,-10.31,103.6,224,113.9,334,62.8,355,-.006,198,-9.26,359,100.0,357,109.2,345,-4.88,316
296,Boston University,,Pat,16,17,-10.35,98.3,309,108.7,228,65.8,274,.008,166,-8.07,352,99.9,359,108.0,279,-2.16,262
297,Louisiana Monroe,,SB,11,19,-10.53,100.1,287,110.6,264,67.2,195,.027,108,-0.27,180,105.2,235,105.5,149,1.94,140
298,Portland,,WCC,12,21,-10.57,103.5,228,114.0,337,67.5,171,.052,61,2.49,125,108.0,111,105.5,154,0.54,183
299,Valparaiso,,MVC,7,25,-10.65,100.3,281,110.9,274,67.9,149,-.016,229,2.99,115,107.5,127,104.5,114,-4.39,310
300,Le Moyne,,NEC,15,17,-10.94,100.1,286,111.0,279,67.3,192,-.055,306,-8.44,355,100.0,355,108.5,309,-0.72,225
301,South Carolina St.,,MEAC,14,18,-10.97,99.1,299,110.1,254,68.6,108,.033,103,-4.63,300,102.7,314,107.3,242,4.20,86
302,Chicago St.,,ind,12,18,-11.11,98.8,305,109.9,250,64.5,332,.046,74,-1.12,204,105.2,234,106.3,183,-1.12,236
303,Southeastern Louisiana,,Slnd,15,17,-11.24,98.9,303,110.1,255,64.8,318,.041,88,-4.74,301,103.3,297,108.0,285,7.24,36
304,Western Michigan,,MAC,12,20,-11.32,100.0,291,111.3,286,68.5,116,.022,122,-2.96,254,104.2,277,107.1,228,1.29,158
305,Bethune Cookman,,SWAC,17,16,-11.46,97.6,316,109.0,238,69.5,72,.076,28,-7.94,350,99.9,358,107.9,274,0.53,187
306,Northern Illinois,,MAC,11,20,-11.56,102.2,252,113.7,333,68.0,143,.041,87,0.15,167,106.6,158,106.5,196,7.46,30
307,Robert Morris,,Horz,10,22,-11.59,101.7,258,113.3,324,67.0,215,-.097,354,-2.58,244,105.7,199,108.3,300,-0.57,221
308,Jackson St.,,SWAC,15,17,-11.78,100.5,277,112.3,309,68.4,123,.095,15,-5.93,325,102.5,316,108.4,308,7.32,34
309,DePaul,,BE,3,29,-12.15,101.0,270,113.1,322,67.6,165,-.022,248,12.12,12,112.7,13,100.6,15,1.66,147
310,Northern Arizona,,BSky,14,19,-12.18,99.1,300,111.3,284,68.2,130,.095,17,-2.34,238,105.6,208,107.9,277,0.30,195
311,Alabama St.,,SWAC,13,19,-12.29,93.1,352,105.4,158,67.1,203,-.009,205,-5.40,318,102.1,326,107.5,256,12.21,6
312,Campbell,,CAA,14,18,-12.30,100.7,274,113.0,321,66.6,242,.030,104,-4.86,305,104.3,275,109.1,340,-6.59,343
313,Sacramento St.,,BSky,10,24,-12.62,98.2,310,110.9,272,63.9,340,-.004,192,-1.53,213,106.3,175,107.9,275,3.17,108
314,Coastal Carolina,,SB,9,22,-12.70,99.5,296,112.2,306,69.5,73,.003,171,-2.10,228,105.3,227,107.4,247,-5.08,320
315,Charleston Southern,,BSth,10,20,-13.07,95.4,336,108.5,222,66.8,221,.044,80,0.70,151,107.4,130,106.7,206,6.38,45
316,Bellarmine,,ASun,8,23,-13.07,100.3,280,113.4,329,64.8,317,-.058,311,0.01,172,108.3,107,108.3,297,8.74,20
317,Elon,,CAA,13,19,-13.29,101.8,256,115.1,347,67.4,176,.050,64,-4.34,292,104.9,249,109.2,346,-2.03,258
318,Lafayette,,Pat,11,21,-13.34,93.6,347,107.0,193,65.3,306,-.028,263,-5.38,317,102.9,308,108.2,291,3.37,97
319,William & Mary,,CAA,10,23,-13.54,100.7,273,114.3,340,65.8,272,-.062,320,-4.38,294,104.3,271,108.7,324,-5.46,332
320,Eastern Illinois,,OVC,14,18,-13.62,96.2,331,109.8,247,66.6,236,.008,164,-6.04,330,101.7,336,107.7,267,4.32,84
321,Idaho,,BSky,11,21,-13.68,98.4,308,112.1,301,64.9,315,-.019,239,-3.40,272,105.1,240,108.5,314,-2.03,259
322,South Dakota,,Sum,12,20,-13.82,103.1,236,117.0,356,68.6,103,.010,158,-4.06,287,104.7,254,108.8,326,-4.12,306
323,Navy,,Pat,13,18,-14.14,96.9,325,111.0,276,65.5,294,-.020,242,-9.50,360,99.8,360,109.3,349,-5.35,328
324,Alabama A&M,,SWAC,12,22,-14.15,93.9,346,108.1,215,70.7,39,.029,105,-5.95,327,102.5,315,108.5,312,4.95,72
325,Northwestern St.,,Slnd,9,23,-14.65,97.8,315,112.4,312,67.4,178,-.093,351,-5.00,309,103.3,296,108.3,298,3.05,112
326,Eastern Michigan,,MAC,13,18,-15.05,96.9,323,112.0,298,65.2,307,.090,18,-4.90,306,103.7,290,108.6,318,-3.45,289
327,Fairleigh Dickinson,,NEC,15,17,-15.31,98.0,312,113.3,327,72.1,15,.086,19,-8.82,357,100.3,354,109.2,343,-4.43,311
328,Southern Indiana,,OVC,8,24,-15.80,96.1,332,111.9,295,69.0,93,-.082,340,-4.92,307,103.0,305,107.9,276,5.76,56
329,UT Rio Grande Valley,,WAC,6,25,-16.31,95.4,337,111.7,294,71.3,28,-.001,185,0.96,143,105.6,206,104.6,119,0.44,189
330,Texas A&M Commerce,,Slnd,13,20,-16.48,94.8,341,111.3,285,66.2,260,.067,39,-3.70,278,104.7,251,108.4,306,10.48,12
331,Prairie View A&M,,SWAC,10,21,-16.58,94.7,343,111.2,282,70.7,40,.013,152,-4.82,304,102.8,311,107.7,265,8.66,21
332,Tennessee Tech,,OVC,10,21,-16.62,96.3,330,112.9,319,65.5,289,-.039,283,-4.75,302,103.4,294,108.1,288,2.92,115
333,Arkansas Pine Bluff,,SWAC,13,18,-16.75,102.2,251,119.0,361,71.8,17,.044,79,-7.29,347,101.1,345,108.4,305,10.62,10
334,Morgan St.,,MEAC,11,20,-16.92,97.3,318,114.3,341,70.8,36,.009,161,-5.09,312,102.9,307,108.0,280,3.40,95
335,NJIT,,AE,7,21,-16.94,97.5,317,114.4,342,66.2,256,.026,113,-2.42,241,103.5,292,106.0,166,-2.02,257
336,Dartmouth,,Ivy,6,21,-16.98,93.2,351,110.2,258,65.0,311,.004,169,1.14,140,107.7,120,106.6,200,-0.56,220
337,Manhattan,,MAAC,7,23,-17.21,95.2,340,112.5,313,68.0,142,-.016,227,-3.07,262,103.0,303,106.0,170,3.36,98
338,Cal Poly,,BW,4,28,-17.52,94.7,342,112.2,307,65.8,271,-.009,206,-0.51,187,105.9,192,106.4,186,-1.05,235
339,Florida A&M,,SWAC,6,23,-17.70,93.4,349,111.1,280,68.3,129,-.040,284,-3.03,259,103.3,295,106.4,188,19.10,1
340,Central Arkansas,,ASun,9,23,-17.90,97.2,321,115.1,346,69.2,82,.022,121,-4.50,296,105.2,232,109.7,358,-3.31,287
341,Hampton,,CAA,9,24,-18.03,94.5,344,112.5,316,69.7,68,-.000,182,-3.84,281,105.1,239,109.0,336,-3.28,286
342,New Orleans,,Slnd,10,23,-18.07,97.9,313,116.0,352,71.5,21,-.034,273,-3.74,279,103.7,287,107.5,254,7.62,28
343,Incarnate Word,,Slnd,8,23,-18.82,96.5,329,115.3,349,69.9,56,-.009,207,-6.40,333,102.5,317,108.9,330,-2.89,276
344,LIU,,NEC,7,22,-18.83,93.3,350,112.1,302,70.3,49,-.001,186,-5.63,320,101.6,339,107.2,234,2.10,137
345,Army,,Pat,10,22,-18.86,90.9,357,109.8,246,63.0,351,-.052,301,-8.91,358,100.7,349,109.6,356,-5.11,321
346,North Carolina A&T,,CAA,7,25,-19.45,96.0,334,115.5,350,67.7,159,.045,77,-2.12,229,105.1,241,107.2,237,1.51,153
347,Buffalo,,MAC,4,27,-19.59,95.4,338,115.0,345,69.1,87,-.017,230,-1.97,224,105.3,231,107.2,239,1.21,160
348,Holy Cross,,Pat,10,23,-19.61,100.8,272,120.4,362,65.8,275,.017,141,-7.42,349,100.7,350,108.1,286,-3.36,288
349,Maryland Eastern Shore,,MEAC,9,20,-19.87,89.7,359,109.5,243,67.1,206,.003,173,-4.48,295,103.0,304,107.5,250,5.37,63
350,Loyola MD,,Pat,7,25,-20.14,93.4,348,113.5,330,65.7,279,-.008,203,-6.15,331,102.2,324,108.3,301,0.83,173
351,Detroit Mercy,,Horz,1,31,-20.61,96.8,326,117.4,357,66.8,227,-.068,325,-0.19,178,107.4,132,107.6,262,5.90,53
352,Southeast Missouri St.,,OVC,9,22,-21.19,91.3,356,112.5,314,69.1,88,.016,144,-5.00,308,102.8,312,107.8,268,3.20,106
353,VMI,,SC,4,28,-22.03,89.2,360,111.2,281,74.6,2,-.060,318,0.32,161,107.3,136,107.0,218,-2.66,271
354,Houston Christian,,Slnd,6,23,-22.15,96.7,327,118.8,360,71.4,24,-.005,197,-2.60,246,104.9,247,107.5,257,12.05,7
355,Saint Francis,,NEC,8,22,-22.21,94.4,345,116.6,355,65.4,302,.021,124,-7.17,346,101.0,346,108.2,290,-0.13,208
356,Lindenwood,,OVC,9,22,-22.36,91.8,355,114.2,338,67.1,204,.024,116,-6.80,339,101.6,338,108.4,307,-1.39,249
357,Siena,,MAAC,4,28,-22.56,90.6,358,113.2,323,65.9,269,-.011,214,-3.32,269,103.7,288,107.1,224,-0.24,212
358,Pacific,,WCC,6,26,-22.74,95.3,339,118.1,359,68.3,128,-.014,225,0.24,162,106.4,174,106.1,175,-4.73,313
359,Stonehill,,NEC,4,27,-22.90,91.9,354,114.8,344,67.6,164,-.078,335,-4.81,303,102.3,320,107.1,226,4.37,82
360,IUPUI,,Horz,6,26,-25.62,92.1,353,117.7,358,67.4,180,-.019,241,-2.83,250,106.3,177,109.1,341,-4.03,303
361,Coppin St.,,MEAC,2,27,-25.92,85.6,361,111.5,290,66.1,265,-.057,310,-5.07,311,102.9,310,107.9,278,0.81,174
362,Mississippi Valley St.,,SWAC,1,30,-30.86,85.5,362,116.3,353,64.6,327,-.060,316,-1.85,221,104.5,260,106.3,184,15.44,2
