Rk,Team,Conf,G,Wins,Losses,AdjOE,AdjOE Rank,AdjDE,AdjDE Rank,Barthag,Barthag Rank,EFG%,EFG% Rank,EFGD%,EFGD% Rank,TOR,TOR Rank,TORD,TORD Rank,ORB,ORB Rank,DRB,DRB Rank,FTR,FTR Rank,FTRD,FTRD Rank,2P%,2P% Rank,2P%D,2P%D Rank,3P%,3P% Rank,3P%D,3P%D Rank,3PR,3PR Rank,3PRD,3PRD Rank,Adj T.,Adj T. Rank,WAB,WAB Rank
1,Houston,B12,34,30,4,119.0,16,85.6,1,.9778,1,49.7,227,44.0,2,13.7,9,24.7,3,36.9,11,30.2,228,29.9,260,39.0,308,48.4,260,43.4,3,34.7,138,30.0,13,36.6,201,40.9,294,63.4,349,+10.4,3
2,Connecticut,BE,34,31,3,126.8,1,93.9,13,.9693,2,57.1,6,45.1,3,14.9,49,16.2,232,36.5,14,26.8,84,33.3,162,32.5,173,58.5,6,43.7,5,36.7,31,31.9,61,40.9,87,33.2,47,64.6,325,+10.9,2
3,Purdue,B10,33,29,4,126.1,2,94.8,17,.9640,3,56.0,13,47.7,42,16.5,143,14.0,336,37.4,8,24.7,22,42.8,8,23.0,10,53.2,69,48.1,76,40.8,2,31.4,42,35.0,244,37.2,184,67.6,167,+10.9,1
4,Iowa St.,B12,34,27,7,113.4,51,86.6,2,.9571,4,51.9,106,47.1,27,15.7,81,25.7,2,31.6,95,29.4,197,36.1,92,35.2,250,51.7,117,46.9,44,34.9,124,31.5,49,32.0,301,45.0,353,67.6,169,+6.7,4
5,Auburn,SEC,34,27,7,120.7,10,92.1,5,.9571,5,54.1,41,43.4,1,14.9,49,18.2,96,32.9,59,30.3,232,38.2,47,41.0,331,54.9,29,42.8,1,35.2,107,29.8,9,37.5,176,33.3,50,69.9,59,+5.4,9
6,Arizona,P12,33,25,8,121.6,7,93.5,10,.9535,6,55.0,23,48.7,79,16.1,109,18.1,103,36.3,16,23.1,5,36.7,81,25.7,20,54.6,35,47.8,67,37.1,22,33.4,139,32.6,293,38.2,214,72.1,16,+5.0,10
7,Tennessee,SEC,32,24,8,115.5,34,91.2,3,.9375,7,51.5,128,45.4,5,14.6,37,18.9,61,32.4,73,28.6,155,34.3,131,35.8,261,51.6,122,44.3,8,34.2,157,31.4,42,41.3,76,41.4,308,69.3,79,+5.7,8
8,North Carolina,ACC,34,27,7,116.8,26,93.3,9,.9292,8,51.3,142,46.4,13,14.4,32,14.9,307,32.8,65,23.5,9,36.8,77,28.3,70,50.3,174,46.0,23,35.4,96,31.4,42,35.9,216,36.1,129,70.4,47,+6.4,5
9,Marquette,BE,34,25,9,118.6,19,94.9,19,.9285,9,55.1,20,49.7,129,14.3,27,21.1,20,26.0,277,30.8,268,25.6,344,28.2,68,56.0,16,49.2,121,35.8,69,33.6,154,40.5,95,43.1,340,69.1,86,+6.1,6
10,Duke,ACC,32,24,8,120.7,9,96.9,29,.9263,10,55.2,19,49.0,90,14.3,27,16.9,175,31.8,88,25.9,56,33.8,147,27.6,55,54.4,38,49.1,115,37.7,14,32.6,97,37.4,181,35.5,109,66.9,216,+3.2,17
11,Creighton,BE,32,23,9,120.4,11,96.8,28,.9255,11,57.5,3,46.4,13,15.3,66,11.2,362,25.9,278,24.6,21,24.5,353,16.2,1,60.6,3,45.7,20,36.1,51,32.2,78,48.9,7,27.2,4,67.0,212,+4.1,13
12,Illinois,B10,34,26,8,125.3,3,101.1,96,.9215,12,53.8,47,48.0,51,15.1,59,12.3,360,36.2,17,26.1,60,37.8,58,27.1,41,54.7,33,46.6,33,34.9,124,34.3,210,38.3,149,27.9,7,69.9,58,+6.0,7
13,Saint Mary's,WCC,32,26,7,115.9,30,93.6,11,.9214,13,53.1,65,45.1,3,16.0,102,16.7,191,39.0,3,22.4,2,28.3,302,32.2,166,53.0,74,43.6,4,35.5,88,32.4,85,36.7,197,29.0,8,62.1,358,+1.6,34
14,Gonzaga,WCC,31,25,7,121.5,8,98.6,48,.9168,14,56.7,8,47.3,34,14.0,16,16.5,208,33.3,50,27.2,100,31.5,221,25.8,21,58.3,7,45.1,13,35.5,88,34.0,182,31.4,310,36.9,170,69.1,85,+2.5,26
15,Alabama,SEC,32,21,11,125.1,4,102.1,122,.9115,15,56.3,11,49.9,142,16.0,102,15.6,277,34.9,26,29.9,219,35.2,108,39.6,319,57.6,10,51.1,213,36.5,34,31.9,61,46.8,18,36.7,154,72.6,14,+3.4,16
16,Baylor,B12,32,23,10,122.1,6,100.1,81,.9076,16,55.6,15,51.3,222,17.7,217,17.1,160,35.1,23,27.1,96,40.5,20,30.9,133,53.4,57,51.9,244,39.4,4,33.5,145,38.3,149,35.5,109,65.8,274,+4.9,11
17,Kansas,B12,31,22,10,113.2,55,92.8,7,.9073,17,53.4,53,47.6,41,16.4,133,16.8,187,25.3,291,26.4,67,32.8,179,28.5,77,54.8,30,45.3,15,33.3,210,33.8,164,29.7,335,41.1,300,68.9,93,+4.1,14
18,BYU,B12,33,23,10,120.4,12,99.1,61,.9035,18,55.1,20,48.0,51,15.2,63,16.0,249,32.8,65,24.7,22,25.3,347,32.1,163,58.0,8,48.2,78,34.8,131,31.8,57,50.7,2,34.1,68,69.0,91,+2.7,24
19,Wisconsin,B10,35,22,13,119.7,13,98.9,53,.9004,19,52.4,82,52.2,271,14.6,37,16.9,175,30.5,117,24.5,17,33.5,155,33.2,197,52.6,85,50.4,178,34.8,131,37.1,343,35.4,227,34.4,77,65.0,314,+3.2,18
20,Nebraska,B10,33,23,10,115.6,32,95.5,21,.8999,20,53.2,61,46.3,12,15.9,97,16.4,215,27.8,217,30.0,222,32.4,192,27.7,58,52.8,79,45.2,14,35.8,69,31.9,61,44.5,29,41.7,314,68.7,105,+2.3,27
21,Michigan St.,B10,33,19,14,112.6,60,93.2,8,.8977,21,51.5,128,48.0,51,14.7,41,18.7,70,29.9,135,28.7,162,29.9,260,32.6,177,50.5,165,47.1,48,35.9,64,32.8,111,30.2,326,41.3,307,65.3,303,+0.15,53
22,Texas,B12,32,20,12,118.8,17,98.4,44,.8975,22,53.7,50,49.0,90,16.6,153,18.6,74,30.5,117,30.0,222,30.4,247,35.0,245,53.4,57,47.4,53,36.1,51,34.8,242,34.9,248,32.4,36,67.2,195,+1.0,44
23,New Mexico,MWC,34,26,9,115.1,37,95.4,20,.8973,23,51.0,154,48.0,51,13.9,14,19.5,46,33.4,46,27.0,93,33.1,166,33.5,205,51.4,133,49.2,121,33.4,204,30.6,24,29.8,334,36.6,148,72.8,7,+2.0,30
24,St. John's,BE,33,20,13,118.8,18,98.6,49,.8950,24,50.9,159,49.5,115,15.7,81,18.5,82,38.6,4,30.3,232,27.3,324,34.4,228,50.8,153,47.9,70,34.1,166,35.0,253,32.5,295,35.9,124,69.3,78,-0.01,57
25,Florida,SEC,35,24,11,119.6,14,99.3,66,.8946,25,51.5,128,48.8,83,15.8,91,14.5,316,37.5,7,28.9,170,38.6,40,34.2,222,51.7,117,49.0,109,34.2,157,32.2,78,34.5,258,32.7,41,71.6,20,+2.9,21
26,Kentucky,SEC,32,23,9,123.0,5,102.2,125,.8930,26,57.4,4,49.5,115,14.2,21,16.0,249,28.9,171,30.2,228,30.4,247,33.4,202,54.7,33,49.8,150,41.2,1,32.6,97,37.3,184,39.9,275,72.6,13,+2.8,23
27,Colorado,P12,35,25,10,116.8,25,97.4,34,.8906,27,55.1,20,48.9,86,18.2,263,15.2,295,32.1,76,24.7,22,35.2,108,27.5,52,53.6,52,49.9,154,39.1,8,31.4,42,30.4,323,35.1,92,67.5,174,+1.8,31
28,San Diego St.,MWC,32,24,10,111.8,70,93.7,12,.8839,28,49.8,220,47.2,29,16.0,102,18.0,110,32.7,69,28.0,127,37.5,66,33.3,198,51.6,122,48.3,84,31.3,301,30.5,19,37.8,166,40.5,285,66.1,262,+2.9,22
29,Texas Tech,B12,33,23,10,117.3,23,98.6,47,.8807,29,52.8,69,49.1,99,16.5,143,17.0,164,30.2,124,30.3,232,34.6,130,26.6,31,51.5,127,49.6,144,36.5,34,32.1,71,41.1,81,39.0,245,66.5,245,+3.2,19
30,Mississippi St.,SEC,34,21,13,112.6,61,94.9,18,.8771,30,51.7,119,47.7,42,18.7,291,18.2,96,35.4,21,27.6,112,37.9,55,32.4,171,53.4,57,50.2,169,32.5,247,29.4,6,38.2,152,41.1,300,67.2,196,+0.8,47
31,Northwestern,B10,32,21,11,117.1,24,99.2,64,.8706,31,53.2,61,51.6,246,13.3,5,18.8,66,25.7,285,28.2,137,29.9,260,39.4,314,49.7,209,50.3,175,39.4,4,35.9,311,36.8,191,36.9,170,63.7,343,+1.5,37
32,Nevada,MWC,32,26,7,115.5,35,97.9,39,.8700,32,53.3,56,48.2,62,15.0,53,17.3,145,27.5,227,27.2,100,46.2,3,34.3,224,52.6,85,49.1,115,36.5,34,31.3,38,33.6,274,41.0,296,66.8,224,+3.0,20
33,Colorado St.,MWC,33,25,10,114.3,44,97.1,31,.8675,33,54.8,29,48.7,79,15.0,53,16.6,196,24.4,302,27.0,93,32.5,188,31.7,151,57.8,9,47.8,67,33.3,210,33.5,145,38.1,154,33.9,61,66.0,267,+1.7,33
34,TCU,B12,33,21,12,114.3,45,97.2,33,.8649,34,51.9,106,50.3,168,17.9,234,20.8,22,35.5,20,28.6,155,35.1,113,35.7,258,51.2,142,50.9,202,35.6,83,32.8,111,30.2,326,35.2,98,69.9,54,+1.2,42
35,Wake Forest,ACC,34,21,13,116.7,27,99.3,69,.8648,35,54.6,31,48.9,86,15.5,71,16.2,232,26.4,267,26.0,58,32.2,194,30.0,112,54.0,42,49.2,121,37.1,22,32.4,85,37.5,176,35.0,89,68.2,132,-1.4,72
36,Clemson,ACC,32,21,11,116.7,28,99.4,70,.8638,36,53.9,46,48.7,79,14.9,49,13.6,342,27.7,221,25.2,32,30.6,241,31.2,138,54.4,38,47.1,48,35.4,96,34.0,182,40.2,101,40.6,287,66.3,255,+0.9,46
37,Pittsburgh,ACC,33,22,11,115.7,31,98.9,54,.8592,37,51.6,125,49.0,90,13.4,8,16.6,196,31.0,105,23.8,12,30.5,245,30.5,123,50.0,192,50.8,198,35.7,74,30.8,25,44.4,33,38.6,236,65.8,272,+0.21,51
38,Ohio St.,B10,34,21,13,115.5,33,98.7,51,.8585,38,51.1,148,48.6,77,15.5,71,15.8,264,31.9,84,28.9,170,33.7,148,30.4,121,50.7,161,46.8,38,34.6,142,34.8,242,35.1,237,33.6,54,65.6,288,-0.26,58
39,Boise St.,MWC,31,22,11,113.6,49,97.1,32,.8577,39,51.0,154,49.8,135,16.4,133,16.9,175,32.9,59,23.1,5,35.1,113,33.1,192,50.8,153,52.1,257,34.2,157,30.5,19,39.4,119,36.7,154,66.4,247,+1.1,43
40,Washington St.,P12,33,24,9,112.9,58,96.6,27,.8574,40,52.1,92,47.3,34,16.1,109,15.9,258,32.9,59,24.9,28,31.7,213,32.7,182,52.6,85,46.9,44,34.0,175,32.0,67,32.0,301,31.5,27,65.0,315,+2.0,29
41,Villanova,BE,34,18,16,109.7,98,93.9,14,.8561,41,50.6,175,48.3,64,14.7,41,16.2,232,24.9,298,24.3,15,26.8,333,26.0,26,50.5,165,47.6,61,33.8,181,32.8,111,48.0,11,45.3,355,63.6,347,-1.5,73
42,Dayton,A10,31,24,7,117.4,21,100.7,90,.8542,42,56.6,9,47.9,49,15.8,91,15.7,273,26.9,255,29.0,176,37.2,70,21.8,3,53.7,49,48.2,78,40.2,3,31.7,54,44.5,29,40.4,284,64.0,338,+2.6,25
43,Texas A&M,SEC,34,20,14,115.1,38,99.0,59,.8489,43,45.4,344,50.1,157,14.2,21,16.9,175,41.9,1,28.0,127,38.2,47,31.2,138,47.0,303,49.5,137,28.4,352,33.9,171,38.1,154,44.9,351,65.6,286,+0.17,52
44,Utah,P12,34,20,14,113.4,52,97.8,37,.8459,44,54.0,45,48.5,71,16.3,121,14.3,324,28.0,207,26.4,67,27.4,322,26.0,26,53.9,43,47.1,48,36.0,59,34.0,182,39.8,111,35.9,124,69.7,66,-1.0,67
45,Indiana St.,MVC,34,29,6,118.3,20,102.1,121,.8454,45,60.0,1,49.2,102,16.5,143,15.4,286,23.7,326,23.4,8,33.3,162,26.0,26,62.2,1,48.7,98,38.4,10,33.4,139,49.1,6,33.9,61,70.7,39,+2.0,28
46,Cincinnati,B12,35,21,14,110.7,83,95.5,22,.8451,46,50.0,214,47.7,42,17.4,203,17.6,131,36.8,12,25.5,41,27.7,313,29.2,90,50.6,164,46.3,28,32.6,243,33.6,154,36.4,203,34.2,74,67.3,193,-0.9,65
47,South Carolina,SEC,33,26,7,114.4,43,99.0,56,.8408,47,50.8,163,48.0,51,15.5,71,14.9,307,33.1,56,28.0,127,31.8,210,30.8,132,51.1,147,46.8,38,33.5,198,33.6,154,41.0,83,31.2,23,63.1,353,+4.7,12
48,Oklahoma,B12,32,20,12,112.9,56,97.8,38,.8386,48,53.1,65,47.4,38,18.1,249,16.5,208,30.1,128,26.2,64,37.7,60,31.1,137,53.9,43,48.9,105,34.5,147,29.9,11,38.5,144,35.7,115,67.1,202,+1.0,45
49,Iowa,B10,33,19,14,119.4,15,103.9,148,.8314,49,52.8,69,52.1,269,13.3,5,16.6,196,27.8,217,30.4,239,33.5,155,32.7,182,52.9,77,51.4,226,35.2,107,35.7,293,29.9,331,35.6,113,71.8,18,-0.45,61
50,Drake,MVC,33,28,6,114.9,39,100.0,78,.8313,50,54.9,27,51.0,206,13.9,14,17.4,139,24.2,312,22.1,1,32.6,185,31.0,135,55.1,23,51.9,244,36.5,34,33.0,120,39.6,118,39.3,251,67.8,153,+1.8,32
51,Florida Atlantic,Amer,33,25,8,117.3,22,102.8,133,.8216,51,55.0,23,49.7,129,15.8,91,16.5,208,33.8,39,29.2,190,34.8,125,27.5,52,56.0,16,49.3,127,35.6,83,33.6,154,38.8,134,36.3,136,68.0,145,+1.4,39
52,Utah St.,MWC,31,27,6,114.4,42,100.2,83,.8210,52,54.1,41,49.6,126,15.7,81,16.4,215,28.5,186,25.4,39,40.0,26,30.4,121,57.1,11,53.1,303,32.1,268,29.0,3,33.4,281,36.7,154,68.6,110,+3.6,15
53,Virginia Tech,ACC,33,19,14,116.0,29,101.8,111,.8184,53,54.1,41,51.2,216,16.1,109,17.0,164,25.3,291,26.4,67,33.1,166,29.5,97,55.0,26,51.3,221,35.1,114,34.1,198,41.9,63,34.1,68,67.4,186,-2.3,78
54,Bradley,MVC,33,23,11,112.2,63,98.4,45,.8182,54,55.6,15,47.4,38,18.1,249,18.4,91,28.4,192,28.3,140,28.0,306,35.4,255,55.1,23,46.2,27,37.5,18,32.9,117,41.8,66,38.0,211,66.2,259,-3.3,88
55,Oregon,P12,34,23,11,113.3,53,99.5,71,.8171,55,51.8,114,51.5,239,14.8,45,17.9,115,28.7,177,27.1,96,32.3,193,32.8,188,52.7,83,51.6,232,33.6,195,34.3,210,36.7,197,36.2,131,67.2,198,+1.5,35
56,Seton Hall,BE,33,21,12,110.8,82,97.8,36,.8082,56,49.7,227,49.5,115,18.8,293,17.9,115,35.7,19,29.1,183,32.1,197,26.6,31,50.1,187,49.0,109,32.6,243,33.5,145,31.0,316,42.6,333,66.1,263,+0.6,49
57,Washington,P12,32,17,15,114.4,40,101.1,93,.8068,57,53.5,52,50.1,157,15.9,97,15.8,264,27.1,244,28.9,170,32.1,197,33.1,192,53.8,47,49.9,154,35.4,96,33.7,160,36.8,191,34.8,85,71.1,31,-3.5,90
58,Butler,BE,32,18,15,111.8,67,99.0,55,.8028,58,51.9,106,50.0,149,15.4,69,16.0,249,26.3,269,29.0,176,26.7,334,22.3,4,51.5,127,50.9,202,35.0,121,32.4,85,38.0,160,37.5,194,68.5,118,-1.2,69
59,Providence,BE,35,21,14,107.9,128,95.6,23,.8010,59,51.5,128,47.5,40,17.5,205,17.0,164,27.0,246,27.8,116,31.8,210,27.7,58,53.7,49,45.5,17,32.5,247,34.3,210,44.3,34,34.1,68,67.6,170,+0.40,50
60,North Texas,Amer,31,19,14,110.4,87,98.0,41,.7971,60,51.1,148,47.7,42,17.7,217,19.5,46,33.9,35,31.9,310,29.5,271,39.6,319,47.4,290,46.6,33,37.9,13,33.1,128,39.1,129,36.2,131,61.5,360,-5.7,122
61,UNLV,MWC,30,20,12,111.8,68,99.3,67,.7961,61,51.7,119,49.4,112,16.6,153,17.9,115,29.9,135,31.7,304,34.1,138,30.7,128,52.3,96,50.4,178,33.6,195,31.8,57,34.9,248,39.0,245,65.2,308,-2.4,79
62,North Carolina St.,ACC,36,22,14,114.0,48,101.3,99,.7953,62,50.7,170,50.5,184,13.7,9,17.9,115,28.6,180,29.3,193,32.5,188,31.9,155,50.1,187,49.5,137,34.6,142,34.9,248,33.5,278,35.3,102,67.9,147,-0.7,64
63,UCF,B12,33,17,16,106.4,153,94.7,16,.7926,63,47.8,282,47.9,49,18.0,242,20.4,28,32.9,59,26.9,90,37.2,70,39.5,317,47.5,287,45.9,22,32.2,261,34.0,182,35.9,216,39.6,260,68.6,108,-2.6,85
64,Virginia,ACC,34,23,11,103.5,210,92.2,6,.7922,64,48.6,263,46.6,19,13.0,4,19.4,50,25.6,287,28.1,132,25.3,347,25.8,21,46.2,321,47.2,51,35.8,69,30.5,19,32.6,293,39.6,260,60.1,362,+1.2,40
65,Maryland,B10,33,16,17,105.8,167,94.4,15,.7874,65,46.7,320,46.7,22,17.5,205,18.8,66,31.7,92,29.1,183,40.8,16,33.5,205,48.8,242,45.7,20,28.9,346,32.8,111,37.5,176,30.1,14,65.5,295,-4.1,98
66,SMU,Amer,32,20,13,112.0,64,100.1,79,.7859,66,51.0,154,47.2,29,16.5,143,18.7,70,38.3,5,31.3,292,28.8,289,34.0,221,50.4,170,46.6,33,34.7,138,32.1,71,35.6,225,36.9,170,67.5,173,-4.2,100
67,Kansas St.,B12,34,19,15,107.7,134,96.2,26,.7858,67,50.2,200,46.8,25,21.2,346,16.0,249,32.4,73,30.5,248,38.3,43,33.1,192,51.9,109,46.8,38,31.8,279,31.2,34,41.2,78,36.7,154,67.4,181,+0.14,54
68,Xavier,BE,34,16,18,110.8,80,99.1,62,.7832,68,49.1,248,49.5,115,16.4,133,16.0,249,31.9,84,29.0,176,31.8,210,29.7,108,48.1,271,49.2,121,34.2,157,33.4,139,32.0,301,35.4,106,71.0,32,-2.4,80
69,San Francisco,WCC,33,23,11,109.6,100,98.1,42,.7805,69,55.0,23,49.5,115,16.8,169,19.8,39,29.1,160,24.3,15,23.5,356,37.9,295,56.6,13,48.3,84,35.1,114,34.3,210,40.1,103,37.8,205,67.1,210,-2.3,77
70,Grand Canyon,WAC,32,29,4,111.2,75,99.8,74,.7780,70,52.0,101,45.9,10,17.8,226,19.9,38,34.6,29,29.6,208,45.3,5,34.8,237,52.3,96,44.4,9,34.4,152,32.6,97,36.1,211,33.6,54,68.1,139,+1.4,38
71,James Madison,SB,33,31,3,112.0,65,100.5,88,.7776,71,54.4,34,46.7,22,14.7,41,19.8,39,32.0,80,27.6,112,34.2,135,35.1,248,54.2,41,48.8,101,36.5,34,28.6,2,38.1,154,35.1,92,69.8,63,+1.5,36
72,USC,P12,33,15,18,110.1,91,99.0,57,.7725,72,51.7,119,50.2,164,17.9,234,18.8,66,29.0,168,32.2,317,33.6,152,31.6,147,50.7,161,47.4,53,35.5,88,36.5,325,36.7,197,38.8,242,68.2,134,-5.0,114
73,Minnesota,B10,33,19,14,114.1,46,102.7,132,.7688,73,54.2,39,50.3,168,17.5,205,16.1,241,30.7,108,29.2,190,35.0,119,29.5,97,54.8,30,48.4,88,35.5,88,36.4,324,39.3,123,29.9,11,66.7,235,-2.5,82
74,Penn St.,B10,33,16,17,110.1,92,99.2,65,.7678,74,50.3,195,50.2,164,15.7,81,20.7,24,26.8,257,32.2,317,35.3,107,36.3,274,50.5,165,52.5,282,33.4,204,30.3,16,39.2,126,32.8,42,69.9,60,-4.7,107
75,Duquesne,A10,34,24,11,106.5,152,96.1,25,.7638,75,50.1,207,48.0,51,17.5,205,19.5,46,29.9,135,30.0,222,33.1,166,35.3,253,49.6,213,48.4,88,33.9,179,31.7,54,39.7,114,37.3,190,66.3,254,-1.8,76
76,Georgia,SEC,34,18,16,109.7,99,99.1,60,.7630,76,49.7,227,49.9,142,16.0,102,16.4,215,27.6,222,30.6,255,37.7,60,30.1,115,49.2,226,49.7,147,33.7,188,33.4,139,40.0,104,37.8,205,68.4,121,-3.8,95
77,VCU,A10,36,23,13,108.2,121,97.9,40,.7579,77,52.2,90,46.6,19,18.3,270,16.7,191,28.0,207,26.6,73,35.6,100,34.9,241,51.1,147,46.4,30,35.7,74,31.2,34,44.1,35,38.6,236,65.5,294,-3.8,96
78,Mississippi,SEC,32,20,12,113.5,50,102.9,134,.7567,78,51.2,146,50.2,164,15.7,81,18.1,103,30.1,128,36.2,359,35.1,113,32.3,169,49.2,226,50.0,156,36.6,33,33.8,164,35.1,237,37.0,176,66.8,226,-0.45,60
79,Syracuse,ACC,31,20,12,111.2,77,100.9,92,.7546,79,51.3,142,52.8,297,15.9,97,20.1,33,24.1,314,31.8,307,34.1,138,26.6,31,51.9,109,53.2,304,33.4,204,34.7,239,33.7,273,37.0,176,70.7,36,-0.34,59
80,Indiana,B10,33,19,14,109.7,96,99.6,73,.7526,80,52.1,92,49.0,90,17.5,205,14.9,307,26.9,255,29.7,213,37.7,60,31.6,147,53.4,57,47.4,53,32.4,253,34.3,210,27.8,351,41.2,305,68.5,115,-0.01,56
81,Richmond,A10,33,23,10,106.8,145,96.9,30,.7523,81,52.7,72,46.9,26,12.8,2,17.1,160,17.3,362,26.6,73,27.6,316,26.6,31,51.8,113,46.8,38,36.2,45,31.4,42,35.4,227,40.7,288,66.7,232,-0.7,63
82,McNeese St.,Slnd,29,30,3,111.3,74,101.1,94,.7516,82,54.9,27,47.8,47,14.2,21,23.0,6,32.1,76,30.4,239,40.6,18,33.9,217,52.8,79,46.3,28,39.4,4,33.0,120,33.6,274,48.1,362,65.4,299,+0.7,48
83,South Florida,Amer,32,25,7,110.2,89,100.2,84,.7481,83,52.1,92,47.7,42,15.7,81,18.5,82,27.8,217,30.5,248,38.3,43,34.8,237,49.4,219,48.2,78,37.1,22,31.3,38,42.6,49,37.7,202,68.0,141,-0.6,62
84,Boston College,ACC,35,20,15,111.7,71,101.7,106,.7467,84,52.5,77,50.3,168,15.4,69,16.1,241,27.4,235,26.6,73,25.4,345,28.2,68,51.4,133,49.6,144,36.1,51,34.3,210,38.1,154,38.1,213,67.0,213,-3.8,94
85,Yale,Ivy,29,22,9,109.7,97,100.1,80,.7427,85,52.3,85,49.7,129,14.1,18,16.0,249,28.4,192,24.0,13,26.9,331,29.0,85,52.5,94,48.8,101,34.6,142,34.0,182,35.3,230,41.4,308,64.7,324,-2.5,81
86,LSU,SEC,33,17,16,110.7,85,101.1,95,.7385,86,52.3,85,49.7,129,18.6,284,18.2,96,30.7,108,31.4,296,38.3,43,33.7,211,51.5,127,49.4,133,35.7,74,33.5,145,37.6,173,41.4,308,69.9,57,-3.1,87
87,UCLA,P12,32,16,17,107.7,135,98.5,46,.7352,87,46.6,324,50.1,157,16.5,143,18.1,103,29.9,135,28.3,140,35.8,97,35.8,261,45.2,341,49.7,147,33.3,210,33.7,160,30.1,328,42.2,322,63.1,351,-5.2,116
88,Florida St.,ACC,33,17,16,110.1,90,100.8,91,.7346,88,50.3,195,52.2,271,16.4,133,20.7,24,28.5,186,32.8,328,36.8,77,41.0,331,51.5,127,51.6,232,31.7,289,35.4,279,31.6,307,38.2,214,71.0,33,-3.5,91
89,Samford,SC,32,29,5,111.8,69,102.4,126,.7330,89,56.9,7,50.0,149,18.1,249,21.7,17,30.2,124,32.0,314,36.4,85,37.0,284,55.5,21,49.5,137,39.3,7,33.9,171,40.9,87,40.1,282,72.6,12,+0.10,55
90,Loyola Chicago,A10,32,23,10,104.6,189,95.9,24,.7304,90,51.5,128,46.4,13,18.6,284,17.8,124,27.5,227,25.2,32,33.4,161,36.5,277,51.0,150,43.8,6,34.9,124,34.1,198,40.5,95,35.9,124,68.6,109,-1.4,71
91,UC Irvine,BW,33,24,10,108.5,114,99.6,72,.7292,91,51.8,114,46.4,13,16.7,160,17.4,139,31.4,98,27.4,107,34.0,140,35.2,250,51.6,122,44.6,10,34.9,124,33.8,164,27.7,352,30.4,16,68.4,119,-2.6,84
92,Memphis,Amer,32,22,10,111.6,72,102.4,128,.7284,92,52.8,69,50.0,149,18.0,242,19.1,56,33.4,46,33.6,339,36.3,86,29.6,104,52.9,77,49.3,127,35.0,121,34.0,182,38.9,132,42.7,334,71.6,19,-1.0,66
93,Louisiana Tech,CUSA,29,22,10,107.7,132,99.0,58,.7252,93,50.6,175,45.6,8,18.8,293,17.6,131,33.8,39,28.0,127,42.0,13,32.0,160,49.0,237,43.0,2,35.7,74,33.5,145,34.6,255,36.4,138,65.7,283,-4.3,102
94,Princeton,Ivy,27,24,5,114.4,41,105.2,177,.7238,94,54.6,31,52.0,259,12.0,1,16.9,175,23.9,319,24.7,22,28.3,302,25.1,17,56.5,14,53.5,312,35.2,107,33.2,132,50.5,3,39.1,248,65.2,309,+1.2,41
95,Massachusetts,A10,31,20,11,110.9,79,102.1,120,.7227,95,50.6,175,48.5,71,16.0,102,18.9,61,36.5,14,30.1,226,35.8,97,38.6,303,52.6,85,47.5,59,31.3,301,33.5,145,35.1,237,38.4,225,68.3,129,-4.6,106
96,Saint Joseph's,A10,35,21,14,110.3,88,101.5,101,.7217,96,53.0,68,49.0,90,16.5,143,17.6,131,29.1,160,29.1,183,28.7,292,28.8,83,53.0,74,48.6,95,35.2,107,33.0,120,47.8,12,42.5,331,68.4,125,-4.5,104
97,Miami FL,ACC,32,15,17,109.9,94,101.2,97,.7213,97,52.7,72,51.0,206,17.2,191,16.6,196,28.7,177,28.5,147,24.6,352,22.3,4,51.6,122,52.0,250,36.1,51,33.3,135,40.4,98,46.1,358,68.7,103,-5.4,119
98,George Mason,A10,31,20,12,108.7,108,100.4,87,.7157,98,52.0,101,48.0,51,18.1,249,16.4,215,31.7,92,27.4,107,36.7,81,31.8,154,52.3,96,45.0,11,34.3,154,34.8,242,37.5,176,41.6,311,63.8,342,-4.6,105
99,College of Charleston,CAA,33,27,7,113.3,54,105.1,175,.7026,99,52.4,82,50.6,188,14.3,27,16.4,215,33.5,45,26.6,73,26.9,331,28.3,70,52.6,85,50.5,180,34.8,131,33.8,164,47.1,16,36.9,170,70.0,53,-1.6,75
100,Appalachian St.,SB,32,27,7,106.3,157,98.8,52,.6968,100,52.7,72,45.4,5,15.2,63,14.5,316,29.4,150,27.8,116,31.6,218,20.7,2,53.9,43,44.0,7,33.2,213,32.1,71,31.5,308,32.6,38,66.9,220,-1.1,68
101,Stanford,P12,32,14,18,109.9,95,102.4,127,.6917,101,54.3,37,51.9,256,17.8,226,15.5,280,23.2,332,27.3,105,28.6,293,25.3,19,53.6,52,50.9,202,36.9,25,35.7,293,41.1,81,37.6,200,69.6,70,-6.9,141
102,Rutgers,B10,32,15,17,98.0,299,91.4,4,.6901,102,43.5,357,47.2,29,16.6,153,21.7,17,30.2,124,31.3,292,32.9,174,34.3,224,43.7,354,46.0,23,28.7,348,32.7,105,31.7,306,39.4,253,67.8,152,-3.5,92
103,Belmont,MVC,32,20,13,109.2,103,101.9,116,.6870,103,55.0,23,51.1,209,16.7,160,16.4,215,21.0,354,27.5,110,30.3,252,27.0,40,54.5,36,52.2,261,37.2,20,33.0,120,41.9,63,39.8,272,71.2,28,-5.1,115
104,St. Bonaventure,A10,33,20,13,111.0,78,103.7,145,.6868,104,52.3,85,51.1,209,16.2,114,19.2,53,29.7,145,28.5,147,32.2,194,33.9,217,50.8,153,51.8,240,36.5,34,33.5,145,36.7,197,40.7,288,65.4,296,-4.8,110
105,Charlotte,Amer,30,19,12,108.6,110,101.7,105,.6816,105,50.8,163,48.5,71,15.5,71,15.2,295,26.1,273,29.0,176,35.2,108,31.5,142,53.2,69,49.5,137,31.3,301,31.1,31,38.2,152,36.6,148,62.5,356,-4.9,112
106,Arkansas,SEC,33,16,17,109.5,102,102.7,130,.6777,106,50.5,185,50.4,177,16.3,121,15.1,299,25.2,293,29.8,218,45.3,5,39.0,308,51.8,113,50.1,166,31.8,279,33.9,171,32.9,290,34.1,68,70.7,38,-4.9,111
107,Northern Iowa,MVC,32,19,14,108.8,107,102.2,124,.6739,107,51.6,125,52.2,271,15.2,63,16.5,208,23.9,319,22.5,3,37.4,67,30.5,123,51.9,109,52.0,250,34.1,166,35.0,253,36.8,191,41.1,300,66.5,242,-4.9,113
108,Oklahoma St.,B12,32,12,20,108.6,111,102.0,119,.6734,108,51.3,142,51.3,222,18.8,293,16.8,187,27.5,227,28.5,147,34.0,140,27.6,55,52.2,100,51.5,228,33.4,204,34.0,182,43.2,44,32.9,44,67.1,205,-7.7,153
109,UAB,Amer,33,23,11,112.9,57,106.1,193,.6707,109,50.1,207,51.0,206,16.7,160,16.1,241,35.3,22,31.0,274,40.5,20,31.4,141,50.4,170,50.2,169,33.1,220,35.0,253,31.3,311,36.7,154,67.8,157,-2.5,83
110,Cornell,Ivy,28,22,8,111.9,66,105.3,180,.6680,110,56.5,10,51.3,222,17.0,180,18.3,93,26.8,257,31.7,304,28.0,306,32.5,173,61.7,2,52.0,250,34.0,175,33.6,154,48.7,8,41.8,315,71.6,21,-1.5,74
111,Vermont,AE,32,28,6,104.5,190,98.7,50,.6594,111,51.8,114,46.7,22,13.8,11,15.1,299,22.4,345,23.3,7,29.7,268,25.9,24,53.1,72,46.4,30,33.5,198,31.5,49,44.1,35,36.5,145,63.4,350,-1.2,70
112,Hofstra,CAA,32,20,13,108.0,125,102.0,117,.6589,112,55.4,17,49.0,90,15.7,81,17.7,128,22.9,338,29.7,213,22.3,360,29.0,85,55.5,21,46.9,44,36.8,26,34.6,234,46.1,20,42.4,327,65.6,285,-6.4,133
113,Western Carolina,SC,29,22,10,107.7,133,101.9,114,.6551,113,51.7,119,47.2,29,14.7,41,13.3,347,29.1,160,24.2,14,27.7,313,32.4,171,49.8,204,45.5,17,36.8,26,33.9,171,35.5,226,31.8,33,66.9,222,-5.3,118
114,UT Arlington,WAC,32,20,14,108.4,117,103.0,136,.6442,114,52.1,92,49.0,90,21.5,354,18.6,74,32.8,65,29.4,197,39.0,35,42.0,338,51.3,137,47.4,53,35.4,96,34.6,234,42.8,47,35.5,109,70.8,35,-6.3,130
115,Michigan,B10,32,8,24,109.9,93,104.4,152,.6436,115,51.1,148,52.5,285,18.6,284,13.7,341,30.7,108,30.4,239,32.0,201,30.5,123,49.5,216,51.7,236,35.9,64,36.1,318,38.0,160,32.6,38,67.4,179,-9.2,185
116,Santa Clara,WCC,32,20,13,108.5,115,103.2,139,.6403,116,52.3,85,48.4,70,18.2,263,14.4,321,34.1,32,26.1,60,31.6,218,33.3,198,52.6,85,48.9,105,34.5,147,31.7,54,38.5,144,37.0,176,69.1,87,-3.7,93
117,Southern Illinois,MVC,31,19,13,108.6,113,103.3,141,.6393,117,52.5,77,50.1,157,16.8,169,16.2,232,26.1,273,25.6,51,35.9,95,36.5,277,53.4,57,52.1,257,34.3,154,30.4,17,43.8,38,30.5,18,64.3,336,-6.2,129
118,California,P12,32,13,19,107.9,127,102.7,131,.6371,118,49.2,246,51.3,222,16.2,114,14.7,314,28.6,180,26.7,80,29.2,281,33.1,192,48.0,274,50.0,156,33.8,181,35.7,293,42.0,60,36.2,131,68.4,122,-7.4,148
119,Davidson,A10,30,15,17,104.7,187,99.9,76,.6327,119,48.9,254,49.4,112,16.3,121,17.2,154,26.1,273,27.8,116,33.5,155,32.8,188,50.8,153,49.5,137,30.7,323,32.8,111,40.0,104,42.0,317,65.5,292,-8.7,174
120,Troy,SB,29,20,12,106.6,148,101.9,113,.6287,120,50.1,207,49.8,135,19.6,323,20.8,22,34.8,28,30.7,262,41.3,14,39.8,323,48.2,267,47.7,64,35.3,102,35.9,311,40.0,104,33.7,56,69.7,67,-7.3,147
121,UNC Wilmington,CAA,28,21,10,112.5,62,108.0,234,.6160,121,51.1,148,51.7,250,12.8,2,17.1,160,29.9,135,30.6,255,32.9,174,33.1,192,52.1,104,50.8,198,33.0,223,35.5,284,39.7,114,36.7,154,65.1,310,-4.7,108
122,High Point,BSth,31,25,8,114.0,47,109.5,264,.6150,122,52.3,85,50.2,164,16.2,114,14.1,333,37.1,10,25.5,41,44.4,7,38.2,297,53.6,52,49.6,144,33.7,188,34.4,225,39.9,108,31.3,26,68.5,112,-4.2,99
123,Arizona St.,P12,32,14,18,103.1,217,99.2,63,.6110,123,47.3,295,51.7,250,14.8,45,19.4,50,21.8,351,29.7,213,33.1,166,31.2,138,48.6,253,52.2,261,30.1,327,34.0,182,37.7,169,39.2,250,69.0,89,-5.6,121
124,Seattle,WAC,32,19,14,103.9,205,99.9,77,.6091,124,50.7,170,46.4,13,18.5,279,17.3,145,29.4,150,26.1,60,34.2,135,37.2,287,50.1,187,47.4,53,34.3,154,29.7,7,38.1,154,33.7,56,66.8,228,-8.2,168
125,UC San Diego,BW,30,21,11,110.7,84,106.6,203,.6075,125,52.1,92,50.3,168,14.3,27,17.0,164,27.5,227,27.9,122,32.5,188,29.4,93,52.3,96,50.2,169,34.5,147,33.7,160,41.9,63,35.1,92,65.3,301,-6.1,128
126,Georgia Tech,ACC,32,14,18,107.8,130,103.9,147,.6062,126,48.7,259,49.2,102,17.7,217,12.8,356,31.6,95,28.5,147,29.2,281,31.6,147,48.6,253,49.5,137,32.6,243,32.6,97,40.5,95,39.4,253,67.5,178,-5.8,124
127,Notre Dame,ACC,33,13,20,101.9,237,98.3,43,.6006,127,47.6,288,48.2,62,19.1,310,15.2,295,28.4,192,26.7,80,27.9,311,27.4,48,47.5,287,47.8,67,31.8,279,32.5,92,43.3,43,36.8,166,64.3,335,-7.9,158
128,Drexel,CAA,31,20,12,107.0,143,103.2,140,.6000,128,50.6,175,47.8,47,16.5,143,13.1,352,33.6,43,24.5,17,30.0,257,26.7,35,50.3,174,48.2,78,34.1,166,31.4,42,33.2,286,35.4,106,64.5,331,-6.6,135
129,Sam Houston St.,CUSA,31,21,12,105.5,171,101.9,115,.5993,129,48.6,263,49.8,135,18.8,293,19.0,58,32.0,80,27.0,93,34.7,127,37.0,284,46.5,316,50.5,180,35.1,114,32.5,92,35.0,244,39.3,251,67.7,161,-5.7,123
130,West Virginia,B12,32,9,23,108.5,116,104.8,171,.5982,130,49.6,233,52.1,269,18.3,270,15.0,305,26.6,260,30.4,239,37.1,73,28.1,67,47.8,280,51.9,244,34.9,124,34.9,248,37.4,181,43.0,338,68.4,124,-9.7,200
131,Western Kentucky,CUSA,30,22,11,105.2,176,101.7,108,.5944,131,51.9,106,48.3,64,18.3,270,18.6,74,28.5,186,26.7,80,32.9,174,33.4,202,52.1,104,48.3,84,34.4,152,32.2,78,31.0,316,40.1,282,75.1,1,-6.6,134
132,Wichita St.,Amer,33,15,19,104.8,186,101.3,100,.5942,132,49.8,220,48.5,71,17.8,226,14.8,311,31.8,88,28.7,162,26.4,338,28.3,70,49.9,196,48.1,76,33.0,223,32.7,105,31.5,308,37.8,205,68.1,138,-11.0,225
133,Akron,MAC,32,24,10,105.0,177,101.6,104,.5932,133,52.0,101,48.6,77,17.2,191,16.6,196,29.5,148,25.6,51,33.6,152,29.0,85,54.8,30,50.7,193,32.0,274,30.0,13,41.5,72,36.8,166,65.7,277,-4.5,103
134,Morehead St.,OVC,30,26,8,106.6,149,103.4,142,.5867,134,54.4,34,45.7,9,18.5,279,15.5,280,32.0,80,26.4,67,31.3,226,32.7,182,55.6,20,45.4,16,35.3,102,31.1,31,45.1,24,31.2,23,64.3,334,-3.4,89
135,Arkansas St.,SB,34,18,16,112.7,59,109.3,258,.5866,135,51.7,119,50.4,177,16.2,114,14.1,333,33.9,35,28.7,162,32.7,182,35.7,258,51.3,137,49.4,133,34.9,124,35.4,279,43.5,41,27.1,3,68.0,143,-8.8,176
136,Oakland,Horz,34,23,11,107.8,131,104.6,161,.5861,136,52.1,92,50.6,188,16.2,114,16.3,227,30.6,114,28.6,155,30.9,236,26.8,38,51.8,113,50.5,180,35.1,114,33.9,171,40.8,90,40.7,288,66.8,223,-4.2,101
137,Missouri,SEC,32,8,24,108.0,124,104.8,168,.5850,137,50.2,200,51.4,235,16.8,169,18.7,70,26.8,257,35.8,358,31.7,213,42.5,340,51.8,113,51.2,217,31.9,277,34.4,225,39.7,114,39.8,272,66.7,233,-11.4,233
138,South Dakota St.,Sum,31,22,12,107.5,137,104.4,153,.5834,138,55.3,18,50.8,195,16.4,133,16.5,208,24.4,302,25.3,34,30.4,247,27.4,48,55.9,18,49.0,109,36.2,45,35.2,266,40.2,101,47.1,361,67.9,148,-7.5,149
139,Tarleton St.,WAC,31,25,9,108.4,119,105.3,181,.5808,139,50.1,207,50.3,168,16.6,153,20.0,36,30.4,121,33.0,334,30.2,255,34.7,233,50.1,187,50.3,175,33.5,198,33.5,145,30.1,328,36.4,138,66.4,248,-3.0,86
140,Youngstown St.,Horz,28,22,10,106.6,150,104.2,150,.5661,140,50.4,189,49.0,90,15.5,71,16.5,208,33.9,35,28.7,162,29.3,277,30.7,128,52.2,100,47.9,70,31.9,277,34.0,182,42.2,54,35.7,115,68.9,95,-6.0,127
141,UNC Greensboro,SC,30,21,11,108.7,109,106.4,200,.5619,141,53.2,61,49.5,115,16.3,121,17.7,128,29.3,157,30.5,248,27.3,324,35.8,261,49.2,226,48.0,73,38.9,9,34.3,210,44.0,37,44.2,347,64.8,321,-5.6,120
142,Louisiana Lafayette,SB,31,19,14,104.9,180,102.7,129,.5616,142,50.7,170,49.9,142,16.8,169,20.6,26,30.8,107,32.9,330,28.6,293,40.1,325,51.7,117,53.7,315,32.6,243,27.9,1,36.2,209,32.1,35,68.5,111,-8.5,170
143,Tulane,Amer,30,14,17,109.1,104,107.0,217,.5564,143,54.1,41,51.1,209,15.1,59,17.3,145,20.5,357,32.7,327,45.5,4,32.7,182,54.5,36,50.2,169,35.5,88,34.9,248,35.7,222,42.0,317,72.8,8,-9.2,187
144,Missouri St.,MVC,33,17,16,103.8,207,101.8,110,.5557,144,49.7,227,48.0,51,17.3,196,13.1,352,29.1,160,24.7,22,31.5,221,24.9,16,51.2,142,47.0,47,31.4,298,33.0,120,36.8,191,38.8,242,67.8,154,-7.8,155
145,Towson,CAA,33,20,14,102.3,225,100.3,86,.5550,145,47.3,295,48.3,64,19.2,314,16.9,175,39.8,2,27.2,100,34.7,127,31.7,151,46.4,318,47.4,53,32.8,234,33.3,135,34.1,265,36.9,170,62.2,357,-7.2,145
146,St. Thomas,Sum,30,20,13,106.7,146,104.7,165,.5548,146,54.4,34,52.0,259,14.8,45,18.5,82,24.0,316,25.5,41,29.4,274,29.0,85,55.0,26,52.8,291,35.7,74,33.8,164,46.0,21,39.6,260,62.9,354,-9.1,183
147,Toledo,MAC,32,20,12,111.3,73,109.3,255,.5525,147,53.3,56,54.5,345,15.1,59,18.5,82,29.0,168,28.5,147,35.4,104,26.3,30,52.0,107,56.4,359,37.7,14,34.2,204,28.6,345,37.2,184,69.3,77,-6.4,131
148,Ohio,MAC,32,20,13,107.7,136,105.7,186,.5514,148,52.2,90,49.2,102,14.1,18,19.2,53,28.0,207,31.9,310,32.1,197,34.7,233,51.9,109,48.4,88,35.1,114,33.8,164,41.4,73,37.1,179,67.3,190,-9.1,184
149,Liberty,CUSA,29,18,14,108.0,126,106.1,190,.5502,149,54.3,37,50.8,195,16.2,114,17.0,164,24.5,301,25.5,41,26.7,334,30.3,118,55.0,26,51.9,244,35.7,74,32.3,83,46.8,18,32.6,38,64.4,333,-8.2,167
150,Wyoming,MWC,30,15,17,108.1,122,106.2,196,.5488,150,50.9,159,52.8,297,18.5,279,15.9,258,28.6,180,29.1,183,38.0,54,27.8,61,49.0,237,53.7,315,36.1,51,34.4,225,37.0,188,40.0,278,67.2,200,-7.1,143
151,Wright St.,Horz,30,18,14,115.3,36,113.5,339,.5455,151,58.5,2,55.3,354,16.5,143,16.3,227,28.9,171,28.1,132,33.6,152,30.0,112,58.8,4,55.0,344,38.4,10,37.1,343,29.3,338,37.7,202,71.4,24,-9.3,188
152,Oregon St.,P12,31,13,19,106.1,159,104.5,157,.5442,152,49.8,220,51.3,222,18.3,270,16.8,187,26.2,272,31.1,281,35.6,100,35.9,264,49.9,196,52.3,269,33.1,220,33.2,132,34.0,270,37.9,209,65.1,311,-7.6,151
153,Murray St.,MVC,31,12,20,107.0,142,105.6,185,.5385,153,50.0,214,54.5,345,14.4,32,17.9,115,26.5,263,25.5,41,29.6,269,27.7,58,51.3,137,53.8,319,31.6,292,37.0,339,35.3,230,42.8,335,64.4,332,-12.3,256
154,Furman,SC,30,17,16,108.6,112,107.3,219,.5347,154,52.1,92,52.9,304,15.9,97,16.2,232,29.4,150,26.6,73,31.0,234,28.5,77,54.3,40,53.9,322,33.2,213,34.1,198,48.2,9,35.0,89,68.9,97,-10.2,209
155,Chattanooga,SC,31,21,12,109.6,101,108.3,240,.5324,155,54.8,29,49.9,142,17.1,183,14.5,316,27.2,242,28.8,168,30.9,236,27.3,45,56.1,15,47.9,70,35.7,74,35.1,262,50.5,3,42.0,317,66.8,225,-6.9,138
156,Montana,BSky,31,23,11,110.8,81,109.6,268,.5309,156,54.6,31,51.1,209,14.6,37,14.2,327,25.2,293,25.8,54,29.5,271,35.0,245,55.1,23,50.3,175,35.8,69,35.2,266,37.7,169,31.0,21,66.2,260,-5.8,125
157,Delaware,CAA,32,19,14,104.2,193,103.6,144,.5164,157,51.9,106,48.7,79,16.0,102,15.1,299,27.5,227,27.9,122,30.9,236,27.1,41,53.2,69,49.7,147,33.0,223,31.3,38,35.7,222,36.4,138,67.4,187,-9.1,180
158,UC Davis,BW,31,20,13,102.1,229,101.5,102,.5152,158,50.2,200,49.1,99,19.3,317,20.9,21,28.6,180,30.6,255,38.2,47,38.4,300,50.8,153,49.1,115,32.9,228,32.7,105,37.4,181,33.1,46,67.1,203,-8.3,169
159,Colgate,Pat,33,25,9,102.3,226,101.8,112,.5133,159,53.4,53,47.2,29,16.3,121,16.1,241,25.0,297,24.5,17,27.6,316,24.5,13,53.3,65,48.7,98,35.7,74,29.9,11,38.3,149,39.6,260,66.2,256,-4.1,97
160,Quinnipiac,MAAC,32,24,9,105.7,169,105.3,178,.5110,160,50.6,175,48.8,83,16.9,175,17.6,131,31.5,97,28.3,140,30.6,241,29.5,97,49.8,204,47.5,59,34.7,138,34.0,182,34.1,265,36.8,166,71.2,29,-5.3,117
161,UTEP,CUSA,31,18,16,97.9,301,97.6,35,.5106,161,48.1,276,51.5,239,21.2,346,25.9,1,29.0,168,31.0,274,42.8,8,46.3,355,48.8,242,53.2,304,31.0,318,32.1,71,31.3,311,33.9,61,69.6,69,-10.5,214
162,Weber St.,BSky,29,20,12,107.2,140,106.8,213,.5100,162,53.1,65,54.4,341,14.8,45,18.4,91,23.8,322,23.7,11,35.2,108,29.3,91,53.9,43,55.2,349,34.5,147,35.4,279,38.7,137,36.7,154,65.4,298,-7.1,142
163,Stony Brook,CAA,34,20,15,106.1,162,105.8,188,.5066,163,50.3,195,50.0,149,15.1,59,15.2,295,26.6,260,29.3,193,29.2,281,27.4,48,48.6,253,48.4,88,35.5,88,34.8,242,36.8,191,42.3,325,67.4,182,-7.9,157
164,Eastern Washington,BSky,30,21,11,110.5,86,110.4,282,.5011,164,57.2,5,52.8,297,19.0,304,16.3,227,26.4,267,27.1,96,39.6,30,33.5,205,58.7,5,51.0,208,36.8,26,36.9,336,42.0,60,41.8,315,70.5,44,-4.7,109
165,East Carolina,Amer,32,15,18,104.8,185,104.8,166,.4993,165,47.6,288,51.3,222,16.3,121,18.7,70,32.7,69,31.0,274,34.0,140,32.7,182,48.1,271,52.5,282,31.2,308,33.1,128,36.5,202,43.3,342,64.8,318,-10.7,218
166,Winthrop,BSth,29,17,15,106.0,163,106.1,190,.4974,166,51.9,106,49.5,115,18.7,291,18.2,96,30.4,121,32.9,330,50.0,1,34.3,224,52.8,79,50.6,184,33.7,188,32.0,67,39.4,119,41.1,300,66.9,217,-9.5,193
167,UMass Lowell,AE,29,22,10,104.9,181,105.4,183,.4861,167,50.4,189,47.3,34,18.2,263,15.5,280,32.1,76,26.9,90,40.1,25,26.9,39,51.3,137,49.1,115,32.3,256,29.2,4,29.2,340,33.7,56,69.7,65,-6.0,126
168,UNC Asheville,BSth,31,22,12,106.0,164,106.6,206,.4820,168,52.1,92,50.1,157,17.1,183,16.9,175,27.3,237,31.4,296,40.8,16,34.3,224,50.5,165,50.6,184,36.4,42,32.9,117,37.3,184,35.8,121,68.2,135,-6.7,136
169,Bryant,AE,31,20,13,99.9,265,100.6,89,.4796,169,50.7,170,45.4,5,15.8,91,16.7,191,20.4,359,30.2,228,29.9,260,33.8,215,51.7,117,45.0,11,32.7,239,30.8,25,37.7,169,35.1,92,74.2,3,-7.2,144
170,Longwood,BSth,31,21,13,104.0,201,104.8,170,.4775,170,49.4,238,51.3,222,18.0,242,19.6,44,36.7,13,25.5,41,39.5,31,36.1,271,48.6,253,50.9,202,34.2,157,34.6,234,28.3,346,39.5,255,66.9,221,-8.7,173
171,Kent St.,MAC,32,17,17,105.0,179,105.8,187,.4774,171,50.7,170,51.3,222,17.2,191,18.5,82,31.0,105,28.7,162,31.9,205,34.9,241,48.5,259,52.6,286,36.0,59,33.0,120,39.2,126,39.7,268,66.6,239,-11.5,235
172,Fort Wayne,Horz,32,22,12,103.2,216,104.1,149,.4765,172,53.8,47,51.5,239,14.5,34,21.9,12,22.8,341,29.7,213,30.6,241,32.6,177,53.4,57,53.0,297,36.2,45,32.6,97,42.4,52,36.4,138,70.7,37,-7.9,156
173,Hawaii,BW,32,20,14,104.1,198,104.9,173,.4757,173,52.6,76,48.5,71,18.6,284,15.7,273,25.8,284,25.3,34,39.0,35,33.6,209,53.8,47,49.3,127,34.0,175,30.8,25,42.4,52,25.4,1,66.0,268,-9.2,186
174,Saint Louis,A10,32,13,20,111.2,76,112.3,326,.4736,174,51.5,128,54.3,340,16.8,169,14.2,327,26.1,273,28.5,147,36.3,86,35.3,253,49.6,213,53.9,322,36.4,42,36.6,328,37.8,166,42.4,327,69.4,74,-10.8,220
175,Little Rock,OVC,33,21,12,105.7,168,106.7,211,.4728,175,52.5,77,48.0,51,17.3,196,17.9,115,32.1,76,30.3,232,33.5,155,35.2,250,53.1,72,48.0,73,34.1,166,32.0,67,30.9,319,37.8,205,68.9,96,-9.6,195
176,La Salle,A10,32,16,17,105.6,170,106.6,207,.4724,176,49.2,246,50.7,193,14.2,21,15.4,286,27.0,246,30.8,268,24.8,351,33.3,198,47.6,285,49.3,127,34.5,147,35.8,303,39.8,111,32.8,42,66.7,231,-9.6,197
177,Illinois Chicago,MVC,32,12,21,100.4,259,101.6,103,.4676,177,50.6,175,48.9,86,17.7,217,17.4,139,22.9,338,28.4,145,26.0,340,35.9,264,48.4,260,49.2,121,36.0,59,32.2,78,40.8,90,35.0,89,68.1,136,-13.2,277
178,Utah Valley,WAC,30,16,16,98.2,296,99.3,68,.4663,178,47.1,303,48.0,51,18.1,249,18.1,103,28.5,186,27.2,100,35.4,104,36.0,269,48.9,239,47.6,61,28.5,350,32.6,97,28.9,343,34.6,82,67.7,163,-9.6,198
179,Brown,Ivy,30,13,18,104.0,200,105.3,179,.4646,179,49.7,227,51.2,216,18.3,270,16.8,187,31.9,84,27.3,105,33.0,170,32.1,163,49.2,226,52.2,261,33.7,188,33.1,128,40.7,94,38.2,214,67.2,197,-11.8,245
180,Loyola Marymount,WCC,30,12,19,108.0,123,109.4,260,.4635,180,51.6,125,50.4,177,16.3,121,12.4,359,29.4,150,27.1,96,28.8,289,28.3,70,49.2,226,49.8,150,36.8,26,34.3,210,39.9,108,31.7,31,64.8,319,-11.7,241
181,Fordham,A10,33,13,20,100.5,258,102.0,118,.4572,181,46.7,320,50.4,177,18.2,263,19.7,42,32.5,72,27.4,107,35.1,113,45.2,352,46.2,321,48.9,105,31.5,296,35.9,311,42.1,56,31.0,21,68.8,100,-12.3,258
182,Texas A&M Corpus Chris,Slnd,29,21,12,99.6,276,101.2,98,.4529,182,46.3,329,48.0,51,17.6,214,19.8,39,33.9,35,25.1,31,36.3,86,47.3,358,47.3,295,48.8,101,29.4,339,31.0,30,29.7,335,36.4,138,68.7,104,-6.4,132
183,Rice,Amer,31,11,21,107.1,141,108.9,245,.4521,183,50.5,185,52.6,288,17.3,196,14.8,311,28.5,186,29.5,204,29.9,260,27.4,48,50.9,152,50.0,156,33.2,213,37.9,353,39.4,119,38.3,220,65.8,271,-12.8,270
184,Temple,Amer,35,16,20,102.1,228,103.8,146,.4519,184,46.0,332,50.4,177,14.1,18,17.0,164,28.2,202,29.7,213,32.1,197,36.0,269,44.9,345,51.3,221,31.7,289,32.6,97,42.1,56,38.6,236,66.8,227,-11.5,234
185,East Tennessee St.,SC,33,19,16,101.8,239,103.6,143,.4506,185,46.9,312,50.9,198,18.1,249,18.8,66,35.1,23,29.4,197,33.9,145,36.7,281,47.1,298,51.2,217,31.2,308,33.7,160,40.9,87,38.5,229,66.9,214,-9.7,199
186,Georgetown,BE,32,9,23,109.1,105,111.0,294,.4504,186,48.6,263,55.7,358,17.9,234,16.4,215,33.4,46,30.7,262,33.9,145,33.6,209,46.3,319,57.4,360,34.6,142,35.3,274,41.0,83,38.2,214,66.6,238,-10.8,219
187,Pepperdine,WCC,31,13,20,106.1,161,108.1,238,.4447,187,50.8,163,54.7,351,16.4,133,16.9,175,28.5,186,25.9,56,32.6,185,33.9,217,49.5,216,53.4,310,35.6,83,38.4,358,32.4,297,31.6,29,67.5,176,-12.0,252
188,Fairfield,MAAC,33,22,12,107.2,138,109.3,257,.4446,188,51.8,114,52.3,278,15.5,71,20.4,28,28.6,180,30.7,262,28.6,293,26.2,29,49.9,196,53.0,297,36.4,42,34.0,182,41.4,73,37.1,179,68.4,123,-8.0,160
189,Vanderbilt,SEC,32,9,23,104.1,195,106.2,195,.4426,189,45.4,344,53.0,308,15.3,66,15.9,258,28.2,202,29.3,193,35.2,108,29.5,97,47.4,290,51.0,208,28.3,353,37.4,349,39.3,123,39.6,260,65.7,282,-10.6,215
190,Stephen F. Austin,WAC,31,18,15,100.0,264,102.1,123,.4402,190,49.4,238,49.6,126,21.9,357,22.9,7,33.3,50,30.4,239,42.2,11,47.4,359,49.2,226,46.0,23,33.2,213,37.1,343,32.1,300,36.6,148,69.3,75,-9.4,190
191,UMKC,Sum,29,16,16,100.6,257,103.1,137,.4317,191,49.4,238,51.1,209,17.9,234,17.3,145,31.3,100,25.3,34,29.3,277,45.1,351,48.9,239,52.7,287,33.4,204,32.4,85,43.4,42,37.5,194,66.5,244,-11.0,224
192,Long Beach St.,BW,33,21,14,105.3,174,107.9,230,.4317,192,48.9,254,51.2,216,17.1,183,18.5,82,33.3,50,29.6,208,38.1,51,32.6,177,49.7,209,50.0,156,31.3,301,35.1,262,28.3,346,43.6,345,71.5,23,-8.0,163
193,Illinois St.,MVC,31,15,17,101.9,236,104.4,155,.4299,193,47.7,285,50.9,198,17.1,183,16.4,215,28.9,171,26.0,58,36.1,92,27.2,44,50.4,170,52.3,269,28.8,347,32.5,92,37.5,176,39.6,260,63.7,344,-9.9,204
194,Gardner Webb,BSth,30,17,16,102.0,232,104.6,163,.4281,194,49.1,248,50.3,168,16.1,109,16.0,249,27.9,211,26.7,80,35.9,95,39.4,314,47.4,290,50.0,156,34.8,131,34.0,182,35.3,230,33.9,61,69.4,73,-10.1,208
195,Louisville,ACC,32,8,24,104.0,199,106.9,216,.4222,195,48.4,267,54.6,350,18.1,249,16.2,232,28.1,206,27.5,110,38.8,39,33.8,215,49.4,219,53.8,319,30.6,324,37.2,347,31.2,314,39.1,248,69.6,68,-12.6,268
196,Rhode Island,A10,31,12,20,106.1,160,109.1,251,.4215,196,51.5,128,52.6,288,18.5,279,13.1,352,29.1,160,28.2,137,39.4,32,30.0,112,51.1,147,52.0,250,34.9,124,35.7,293,33.4,281,39.5,255,68.7,106,-12.0,249
197,Texas St.,SB,33,17,18,98.9,285,101.8,109,.4197,197,47.1,303,49.7,129,19.9,327,18.6,74,31.2,102,29.4,197,37.8,58,38.3,298,47.1,298,50.6,184,31.4,298,32.1,71,24.3,361,35.4,106,66.4,250,-10.4,210
198,Penn,Ivy,27,11,18,108.4,118,111.5,310,.4189,198,51.9,106,54.0,333,16.7,160,14.0,336,29.1,160,26.6,73,27.0,329,26.7,35,51.2,142,53.9,322,35.3,102,36.1,318,43.1,45,43.7,346,65.5,290,-11.2,230
199,Northern Kentucky,Horz,31,18,15,101.6,241,104.6,160,.4187,199,50.6,175,51.3,222,17.3,196,20.1,33,29.4,150,32.6,324,35.1,113,28.8,83,52.2,100,54.5,337,31.6,292,31.2,34,33.5,278,41.6,311,68.0,146,-9.5,194
200,Monmouth,CAA,33,18,15,104.7,188,107.8,226,.4173,200,49.4,238,50.0,149,15.3,66,17.8,124,30.5,117,32.2,317,29.2,281,33.3,198,47.8,280,49.3,127,34.8,131,34.0,182,36.3,205,43.2,341,67.8,158,-8.5,171
201,Tulsa,Amer,30,16,15,101.4,245,104.4,154,.4170,201,50.3,195,49.7,129,18.2,263,18.1,103,24.4,302,30.4,239,40.6,18,35.1,248,51.7,117,50.0,156,32.1,268,32.7,105,41.2,78,38.7,241,70.5,45,-9.1,181
202,Columbia,Ivy,24,13,14,106.4,154,109.6,267,.4154,202,52.5,77,52.8,297,17.8,226,17.0,164,27.9,211,28.6,155,29.3,277,28.5,77,50.2,178,54.1,329,37.4,19,33.9,171,38.5,144,42.2,322,68.5,113,-9.9,202
203,Montana St.,BSky,32,17,18,103.3,215,106.5,201,.4130,203,54.2,39,52.3,278,16.7,160,18.5,82,20.5,357,28.9,170,30.6,241,36.9,283,53.6,52,54.0,326,36.7,31,32.7,105,41.7,69,34.7,83,68.5,114,-12.6,267
204,George Washington,A10,31,15,17,106.1,158,109.4,261,.4126,204,51.5,128,49.8,135,17.1,183,13.9,339,25.9,278,29.2,190,34.2,135,22.8,8,49.9,196,48.3,84,35.8,69,34.7,239,41.6,71,38.5,229,70.1,51,-10.0,207
205,Eastern Kentucky,ASun,28,17,14,106.7,147,110.1,275,.4107,205,50.6,175,49.8,135,16.1,109,13.9,339,33.1,56,31.0,274,32.0,201,29.5,97,48.8,242,45.6,19,36.1,51,38.7,359,33.6,274,33.4,52,68.5,117,-9.5,192
206,Cleveland St.,Horz,33,20,14,106.4,155,109.8,270,.4100,206,49.9,218,51.5,239,15.0,53,19.5,46,34.2,31,35.2,352,31.4,225,38.4,300,49.7,209,55.1,346,33.5,198,30.5,19,31.3,311,37.9,209,67.4,185,-8.6,172
207,Northern Colorado,BSky,30,19,13,107.8,129,111.4,307,.4080,207,55.7,14,53.1,311,15.7,81,15.5,280,24.0,316,25.4,39,28.1,305,29.4,93,56.7,12,52.7,287,36.0,59,35.8,303,35.8,221,40.0,278,69.9,55,-8.9,177
208,Saint Peter's,MAAC,31,19,13,96.8,314,100.2,82,.4037,208,45.0,350,46.6,19,19.6,323,20.3,31,35.1,23,29.4,197,38.1,51,42.3,339,42.4,359,46.4,30,33.9,179,31.5,49,31.1,315,34.5,79,64.0,337,-8.8,175
209,Radford,BSth,31,16,17,107.2,139,111.0,299,.3991,209,50.8,163,50.9,198,16.2,114,15.8,264,30.7,108,34.0,345,28.0,306,31.7,151,49.4,219,52.4,278,35.7,74,32.4,85,34.2,263,39.7,268,63.6,345,-11.1,228
210,Jacksonville St.,CUSA,29,14,18,101.1,249,104.8,169,.3985,210,48.2,274,50.5,184,20.3,337,18.2,96,33.8,39,25.3,34,37.2,70,34.9,241,48.3,264,49.4,133,32.2,261,34.9,248,28.3,346,36.2,131,64.6,326,-12.9,272
211,Harvard,Ivy,26,14,13,101.0,253,104.9,172,.3938,211,50.2,200,50.1,157,17.8,226,16.0,249,26.5,263,31.3,292,35.7,99,25.8,21,49.9,196,49.5,137,33.8,181,33.9,171,39.4,119,40.8,292,67.6,172,-7.5,150
212,Northeastern,CAA,32,12,20,105.0,177,109.0,249,.3936,212,51.2,146,53.8,329,18.9,300,17.0,164,31.8,88,27.7,115,29.8,265,28.3,70,53.3,65,52.3,269,31.8,279,37.5,350,36.1,211,38.8,242,65.7,279,-14.2,303
213,Evansville,MVC,32,16,17,101.5,243,105.4,182,.3934,213,50.0,214,52.8,297,16.4,133,16.9,175,21.6,353,25.5,41,29.0,286,27.9,63,49.8,204,52.0,250,33.7,188,35.9,311,34.8,250,43.5,344,68.6,107,-8.9,178
214,Mercer,SC,30,16,17,103.5,211,107.6,222,.3916,214,50.1,207,51.2,216,16.6,153,17.9,115,30.6,114,31.1,281,27.6,316,38.9,306,48.8,242,51.2,217,35.4,96,34.2,204,30.1,328,36.9,170,66.0,266,-11.5,236
215,San Jose St.,MWC,31,9,23,104.8,182,109.0,247,.3902,215,51.4,141,54.4,341,15.6,78,15.9,258,22.4,345,30.2,228,22.4,359,35.9,264,51.5,127,52.3,269,34.2,157,38.9,361,42.0,60,35.1,92,65.8,276,-13.5,286
216,Marist,MAAC,31,18,13,96.3,322,100.2,84,.3876,216,50.8,163,47.1,27,18.4,278,20.4,28,23.1,335,26.8,84,29.8,265,35.0,245,49.3,222,46.8,38,35.6,83,31.8,57,36.4,203,38.3,220,64.6,328,-10.0,206
217,Abilene Christian,WAC,33,16,18,100.3,262,104.4,156,.3864,217,47.1,303,51.6,246,17.7,217,20.2,32,25.9,278,30.4,239,37.9,55,39.9,324,45.7,333,53.0,297,34.1,166,32.5,92,26.4,356,31.6,29,68.5,116,-11.2,229
218,UC Riverside,BW,32,16,18,103.5,209,107.8,229,.3851,218,46.3,329,52.3,278,14.3,27,15.8,264,29.8,141,25.3,34,28.6,293,34.8,237,44.6,347,52.0,250,32.3,256,35.3,274,42.2,54,33.3,50,66.9,219,-11.7,243
219,South Alabama,SB,29,16,16,103.0,220,107.4,221,.3812,219,50.9,159,50.7,193,16.3,121,16.7,191,22.8,341,31.8,307,31.6,218,33.9,217,50.0,192,52.3,269,35.1,114,31.9,61,36.1,211,36.1,129,68.0,142,-11.1,226
220,North Dakota,Sum,29,18,14,104.8,184,109.3,256,.3802,220,50.2,200,52.4,282,15.0,53,15.3,293,30.7,108,26.1,60,32.2,194,29.6,104,51.5,127,52.2,261,32.3,256,35.2,266,41.8,66,33.9,61,66.7,234,-10.0,205
221,Rider,MAAC,31,15,17,102.2,227,106.6,208,.3801,221,47.7,285,49.2,102,17.9,234,16.0,249,31.4,98,29.0,176,31.9,205,36.5,277,46.6,313,47.7,64,33.7,188,34.4,225,28.1,349,38.2,214,67.9,151,-11.0,223
222,Lipscomb,ASun,30,20,12,109.1,106,113.8,345,.3789,222,56.2,12,53.5,323,14.2,21,16.1,241,23.2,332,29.3,193,27.5,320,22.8,8,55.7,19,52.8,291,38.1,12,36.5,325,39.8,111,36.6,148,69.2,83,-7.3,146
223,Wofford,SC,29,17,15,105.4,172,110.1,277,.3769,223,53.3,56,51.5,239,16.9,175,14.1,333,29.4,150,26.2,64,27.7,313,34.6,231,53.4,57,50.0,156,35.5,88,35.7,293,45.3,23,42.8,335,65.6,287,-9.0,179
224,Merrimack,NEC,31,21,12,95.5,330,99.8,75,.3755,224,49.8,220,46.2,11,19.0,304,23.2,5,22.3,347,34.6,350,34.3,131,32.5,173,52.2,100,46.1,26,31.1,315,30.9,29,43.1,45,31.2,23,67.2,194,-7.7,152
225,Air Force,MWC,31,9,22,106.5,151,111.5,313,.3708,225,53.8,47,54.2,338,18.8,293,17.6,131,23.8,322,31.5,300,29.6,269,39.1,310,53.6,52,53.7,315,36.1,51,36.6,328,47.2,15,36.7,154,61.9,359,-13.3,281
226,Mount St. Mary's,MAAC,32,13,19,102.0,234,106.8,214,.3702,226,53.2,61,49.3,108,20.7,342,18.0,110,30.2,124,27.9,122,26.7,334,30.3,118,53.3,65,48.0,73,35.2,107,34.6,234,33.3,283,34.8,85,69.0,92,-14.9,307
227,Cal Baptist,WAC,31,16,17,101.3,246,106.2,194,.3688,227,47.0,309,49.2,102,17.6,214,15.3,293,32.7,69,24.9,28,36.8,77,30.3,118,45.7,333,48.4,88,32.9,228,34.3,210,36.0,215,26.8,2,63.6,348,-11.9,247
228,Fresno St.,MWC,32,12,21,102.5,221,107.6,223,.3622,228,51.5,128,53.1,311,18.8,293,15.4,286,24.4,302,30.4,239,30.4,247,28.0,64,52.6,85,51.8,240,33.2,213,36.9,336,38.5,144,37.3,190,65.5,289,-11.1,227
229,Cal St. Fullerton,BW,30,14,18,99.2,282,104.2,151,.3609,229,48.0,279,49.9,142,18.1,249,17.9,115,24.3,306,29.6,208,38.6,40,35.6,257,47.7,282,51.3,221,32.2,261,31.8,57,36.2,209,38.6,236,66.3,253,-11.6,239
230,Georgia St.,SB,29,14,17,103.9,204,109.4,259,.3559,230,48.5,266,49.3,108,13.8,11,14.2,327,27.2,242,30.5,248,28.6,293,35.9,264,48.6,253,51.2,217,32.2,261,30.8,25,35.3,230,38.5,229,67.9,149,-11.6,240
231,Iona,MAAC,33,16,17,102.3,224,107.8,225,.3552,231,50.0,214,52.8,297,14.9,49,22.2,10,28.3,198,30.8,268,28.5,298,37.5,291,48.2,267,54.1,329,35.3,102,34.0,182,38.7,137,40.0,278,66.9,215,-12.5,266
232,Tennessee Martin,OVC,28,21,11,104.8,182,110.5,283,.3520,232,50.5,185,49.3,108,15.0,53,13.2,349,27.0,246,26.3,66,32.8,179,24.6,14,48.2,267,49.4,133,36.2,45,32.8,111,38.1,154,41.0,296,72.8,9,-6.9,140
233,Stetson,ASun,31,22,12,108.2,120,114.2,348,.3491,233,53.4,53,52.0,259,15.8,91,13.5,344,27.5,227,31.2,284,31.7,213,25.9,24,52.5,94,52.2,261,36.5,34,34.5,231,41.8,66,37.4,192,66.0,265,-6.9,137
234,UTSA,Amer,31,11,21,106.3,156,112.3,327,.3488,234,48.3,272,51.9,256,15.5,71,13.1,352,32.0,80,28.9,170,35.0,119,34.6,231,46.9,307,49.8,150,33.4,204,37.0,339,44.5,29,37.5,194,70.6,42,-14.5,306
235,Bowling Green,MAC,32,20,14,101.3,246,107.1,218,.3470,235,48.1,276,51.2,216,16.3,121,16.1,241,30.5,117,25.5,41,35.1,113,27.1,41,50.3,174,49.1,115,29.3,342,36.7,330,34.8,250,34.5,79,67.6,171,-9.4,191
236,Nicholls St.,Slnd,31,20,14,103.5,212,109.5,265,.3420,236,51.5,128,49.8,135,19.0,304,16.4,215,27.6,222,32.2,317,37.6,63,39.4,314,48.9,239,50.7,193,36.8,26,32.1,71,40.3,99,36.3,136,66.2,257,-8.0,162
237,Cal St. Northridge,BW,32,19,15,98.7,287,104.6,162,.3387,237,48.9,254,48.3,64,19.0,304,18.0,110,31.1,104,26.9,90,37.6,63,39.5,317,50.3,174,47.2,51,30.0,330,33.1,128,26.4,356,44.5,349,72.7,11,-10.4,211
238,UC Santa Barbara,BW,29,16,15,104.1,196,110.3,280,.3386,238,53.3,56,50.6,188,19.1,310,14.3,324,25.2,293,26.6,73,39.7,28,31.0,135,53.4,57,51.8,240,35.4,96,32.1,71,30.5,322,33.7,56,67.3,192,-10.5,213
239,North Florida,ASun,29,16,16,105.4,173,111.8,317,.3371,239,53.6,51,52.6,288,16.3,121,14.4,321,23.5,329,29.9,219,28.3,302,33.7,211,53.3,65,52.3,269,35.9,64,35.5,284,54.7,1,29.9,11,67.1,204,-11.5,237
240,Lamar,Slnd,31,19,14,101.9,235,108.1,237,.3366,240,50.9,159,49.2,102,18.0,242,19.3,52,33.1,56,31.9,310,33.2,164,39.2,311,50.2,178,48.8,101,34.8,131,33.3,135,35.3,230,39.6,260,68.3,128,-9.8,201
241,Portland St.,BSky,29,17,15,98.5,292,104.5,159,.3350,241,46.8,317,52.0,259,16.4,133,18.6,74,29.8,141,28.3,140,34.3,131,34.7,233,45.6,336,51.1,213,32.4,253,35.6,289,37.6,173,38.2,214,69.3,80,-10.9,221
242,Florida Gulf Coast,ASun,29,14,18,101.8,238,108.1,236,.3348,242,52.1,92,52.8,297,17.6,214,15.8,264,29.6,147,28.3,140,27.2,326,29.3,91,50.8,153,52.0,250,36.2,45,35.9,311,37.3,184,42.8,335,63.9,340,-13.2,278
243,Marshall,SB,32,13,20,99.9,266,106.1,189,.3347,243,46.8,317,51.4,235,16.5,143,16.2,232,29.8,141,27.9,122,28.8,289,29.9,110,47.1,298,49.8,150,31.0,318,36.2,320,41.3,76,35.3,102,70.5,43,-13.9,294
244,Milwaukee,Horz,33,20,15,105.8,166,112.3,328,.3340,244,51.0,154,50.6,188,17.9,234,15.5,280,36.0,18,32.6,324,34.0,140,32.8,188,52.7,83,50.2,169,32.2,261,34.2,204,38.8,134,38.4,225,69.9,61,-9.9,203
245,San Diego,WCC,31,18,15,100.1,263,106.3,198,.3331,245,49.0,251,52.5,285,18.3,270,18.1,103,27.1,244,31.8,307,32.0,201,38.6,303,47.4,290,53.7,315,34.8,131,33.9,171,34.1,265,39.8,272,71.2,30,-7.8,154
246,Cal St. Bakersfield,BW,30,13,19,99.8,269,106.1,192,.3317,246,47.0,309,50.0,149,18.3,270,18.6,74,32.9,59,31.2,284,32.0,201,46.7,357,46.6,313,49.1,115,32.1,268,34.3,210,25.7,359,36.7,154,64.7,323,-13.7,288
247,Idaho St.,BSky,32,14,20,102.5,222,109.0,248,.3296,247,51.1,148,54.5,345,16.7,160,18.2,96,30.3,123,26.8,84,33.5,155,32.6,177,52.6,85,54.7,341,32.2,261,36.0,317,35.0,244,30.0,13,63.8,341,-15.3,313
248,Southern,SWAC,29,18,14,96.7,316,103.0,135,.3270,248,49.4,238,50.4,177,20.1,333,22.1,11,26.5,263,30.8,268,35.6,100,46.2,354,49.9,196,51.5,228,32.5,247,32.2,78,38.0,160,35.6,113,67.7,165,-8.1,165
249,Miami OH,MAC,30,15,17,98.7,286,105.2,176,.3256,249,51.0,154,49.3,108,17.2,191,18.0,110,22.0,348,30.7,262,30.4,247,31.9,155,48.7,248,50.5,180,36.2,45,31.5,49,40.3,99,36.8,166,67.3,188,-12.4,260
250,Maine,AE,31,15,17,95.5,328,101.7,107,.3250,250,47.8,282,49.9,142,16.7,160,19.2,53,23.0,337,27.8,116,30.0,257,32.1,163,49.3,222,50.6,184,29.7,334,32.3,83,32.2,299,33.2,47,65.5,291,-12.0,250
251,Albany,AE,31,13,19,103.9,206,110.7,287,.3244,251,50.4,189,51.4,235,17.7,217,17.0,164,30.6,114,29.4,197,29.2,281,38.9,306,51.0,150,54.6,340,32.9,228,29.3,5,36.9,189,29.6,9,73.0,6,-13.9,293
252,Southern Utah,WAC,29,10,21,103.9,202,111.0,297,.3173,252,48.4,267,52.6,288,16.9,175,17.0,164,27.9,211,33.0,334,36.2,90,32.2,166,50.8,153,53.0,297,29.4,339,34.3,210,35.0,244,27.2,4,69.6,71,-15.2,309
253,Norfolk St.,MEAC,29,22,11,101.0,255,107.9,231,.3166,253,49.1,248,49.8,135,18.6,284,22.3,9,31.2,102,31.6,301,42.8,8,44.5,348,49.1,234,48.4,88,32.7,239,34.3,210,32.5,295,45.3,355,66.5,243,-6.9,139
254,UMBC,AE,31,11,21,104.3,192,111.5,309,.3159,254,52.7,72,50.3,168,17.5,205,14.9,307,25.5,288,31.0,274,24.1,354,28.3,70,52.6,85,52.2,261,35.3,102,31.3,38,35.1,237,36.4,138,73.2,5,-16.8,324
255,Canisius,MAAC,31,14,18,99.7,271,106.7,212,.3145,255,49.6,233,51.2,216,19.1,310,16.3,227,32.8,65,28.1,132,27.5,320,28.0,64,49.7,209,51.0,208,32.9,228,34.4,225,36.1,211,31.8,33,67.0,211,-13.2,276
256,Southern Miss,SB,30,16,16,99.5,278,106.6,205,.3111,256,48.4,267,50.5,184,18.5,279,17.2,154,28.9,171,30.5,248,37.9,55,33.0,191,47.2,296,48.9,105,33.8,181,35.7,293,33.6,274,34.5,79,67.8,155,-10.9,222
257,Green Bay,Horz,30,18,14,101.7,240,109.0,250,.3094,257,52.4,82,49.4,112,18.6,284,14.0,336,27.3,237,28.4,145,29.4,274,34.2,222,53.7,49,51.6,232,34.0,175,30.2,15,48.2,9,35.3,102,63.6,346,-9.1,182
258,Austin Peay,ASun,32,19,16,106.9,144,114.8,351,.3074,258,50.4,189,53.1,311,13.3,5,16.6,196,29.9,135,31.6,301,31.9,205,37.9,295,48.8,242,54.4,335,35.5,88,34.0,182,35.1,237,35.7,115,64.5,330,-10.4,212
259,Ball St.,MAC,29,15,16,102.1,230,109.5,266,.3072,259,50.8,163,51.3,222,18.2,263,16.2,232,27.3,237,27.9,122,38.2,47,27.6,55,48.7,248,50.6,184,36.1,51,35.1,262,37.9,164,35.2,98,66.6,237,-12.5,264
260,Queens,ASun,31,14,19,103.4,214,111.0,298,.3067,260,49.9,218,54.1,336,15.7,81,15.4,286,27.6,222,29.5,204,33.7,148,29.4,93,50.1,187,55.8,355,33.0,223,34.2,204,40.8,90,36.7,154,72.8,10,-13.5,287
261,North Dakota St.,Sum,29,15,17,103.1,219,110.8,289,.3051,261,53.3,56,53.7,327,16.8,169,13.2,349,24.3,306,24.7,22,30.3,252,28.5,77,51.4,133,52.8,291,37.7,14,36.8,334,35.9,216,34.7,83,65.7,284,-11.9,246
262,Middle Tennessee,CUSA,31,14,19,98.0,298,105.5,184,.2995,262,46.0,332,49.5,115,20.6,341,15.8,264,28.2,202,30.4,239,34.9,123,29.6,104,45.6,336,49.0,109,31.1,315,33.8,164,42.1,56,29.7,10,65.3,302,-13.1,273
263,Western Illinois,OVC,29,21,12,97.0,312,104.5,158,.2975,263,46.5,325,46.5,18,20.1,333,14.2,327,37.2,9,28.9,170,35.6,100,25.1,17,46.0,328,46.8,38,31.7,289,30.4,17,31.0,316,30.7,20,64.6,327,-8.0,159
264,Grambling St.,SWAC,32,21,14,98.5,291,106.3,197,.2951,264,48.4,267,49.5,115,20.3,337,18.9,61,28.4,192,32.2,317,39.4,32,33.7,211,47.2,296,48.6,95,34.2,157,34.2,204,29.2,340,34.0,66,64.9,316,-8.0,161
265,North Carolina Central,MEAC,27,18,13,104.1,197,112.3,329,.2942,265,49.8,220,49.0,90,17.8,226,18.1,103,31.3,100,33.7,341,40.4,22,37.1,286,49.8,204,51.5,228,33.2,213,29.7,7,37.9,164,36.7,154,66.5,246,-9.6,196
266,Central Michigan,MAC,31,18,14,95.6,326,103.2,138,.2929,266,46.8,317,47.3,34,17.5,205,16.2,232,28.6,180,30.7,262,27.4,322,30.6,126,47.7,282,47.7,64,30.1,327,31.2,34,35.2,235,40.8,292,65.3,305,-8.2,166
267,North Alabama,ASun,30,15,17,103.9,203,112.2,322,.2924,267,49.8,220,51.5,239,14.6,37,14.2,327,27.0,246,27.8,116,32.9,174,40.9,330,47.9,277,50.6,184,35.6,83,35.4,279,34.6,255,34.8,85,67.7,159,-12.1,253
268,Nebraska Omaha,Sum,29,15,18,102.4,223,110.7,288,.2902,268,49.5,236,53.4,321,14.5,34,15.9,258,24.7,300,26.4,67,39.7,28,32.2,166,50.5,165,53.3,307,31.6,292,35.7,293,33.0,289,42.5,331,67.4,184,-13.3,280
269,Lehigh,Pat,30,14,18,98.7,288,106.7,210,.2892,269,49.5,236,51.7,250,16.9,175,17.9,115,22.0,348,23.5,9,33.0,170,29.6,104,50.2,178,50.7,193,32.2,261,35.6,289,37.6,173,37.2,184,70.1,52,-13.4,283
270,Georgia Southern,SB,33,9,24,104.2,194,112.7,332,.2889,270,50.8,163,52.0,259,18.8,293,17.3,145,28.8,175,33.9,344,28.9,288,43.1,341,49.3,222,51.4,226,35.2,107,35.5,284,44.6,28,36.4,138,68.9,94,-17.8,333
271,Bucknell,Pat,33,14,19,98.6,290,106.7,209,.2887,271,50.4,189,49.5,115,18.9,300,16.4,215,25.9,278,28.6,155,29.0,286,31.5,142,50.2,178,50.1,166,33.8,181,32.4,85,44.9,26,42.2,322,64.8,320,-14.5,305
272,Portland,WCC,31,12,21,103.6,208,112.2,323,.2846,272,50.5,185,55.3,354,17.1,183,13.2,349,23.6,327,28.8,168,31.7,213,22.6,7,49.9,196,53.9,322,34.1,166,38.0,355,44.5,29,45.1,354,67.7,162,-13.1,275
273,Binghamton,AE,28,15,15,101.3,248,109.9,272,.2817,273,49.4,238,50.0,149,18.0,242,13.3,347,29.1,160,25.0,30,34.3,131,34.8,237,51.4,133,48.4,88,29.9,332,35.0,253,30.7,320,38.0,211,66.6,240,-10.6,217
274,Utah Tech,WAC,30,11,20,99.2,281,107.7,224,.2802,274,50.4,189,50.4,177,21.8,356,18.3,93,28.2,202,31.6,301,40.3,23,43.2,343,50.2,178,50.1,166,33.7,188,33.9,171,34.7,254,36.7,154,70.3,50,-13.9,295
275,Texas Southern,SWAC,32,16,17,98.0,297,106.6,204,.2763,275,46.9,312,48.3,64,18.1,249,17.8,124,30.0,131,30.9,273,31.1,231,40.1,325,47.1,298,48.2,78,31.1,315,32.4,85,38.8,134,36.0,127,67.7,164,-10.6,216
276,New Mexico St.,CUSA,28,13,19,99.1,284,107.8,228,.2755,276,46.9,312,50.9,198,17.7,217,15.8,264,25.4,290,29.6,208,32.7,182,44.8,349,47.0,303,50.0,156,31.2,308,34.7,239,34.6,255,42.4,327,66.2,258,-12.4,263
277,Howard,MEAC,33,18,17,104.3,191,113.5,340,.2748,277,51.7,119,51.1,209,21.2,346,16.6,196,33.3,50,30.3,232,42.1,12,38.4,300,49.1,234,50.9,202,37.2,20,34.4,225,39.0,131,33.2,47,67.8,156,-12.1,254
278,Central Connecticut,NEC,29,20,11,99.6,275,108.4,241,.2738,278,50.2,200,49.6,126,16.7,160,17.5,138,27.6,222,26.8,84,33.0,170,26.7,35,50.8,153,48.2,78,32.8,234,34.8,242,35.4,227,35.2,98,66.7,230,-8.1,164
279,New Hampshire,AE,30,16,15,97.6,308,106.4,199,.2714,279,47.9,280,50.5,184,16.6,153,16.4,215,23.5,329,25.5,41,29.8,265,27.5,52,48.1,271,53.5,312,31.8,279,30.5,19,43.7,39,38.4,225,71.3,25,-9.3,189
280,Oral Roberts,Sum,28,12,19,102.1,231,111.3,306,.2706,280,51.1,148,51.4,235,14.2,21,14.5,316,20.9,355,30.6,255,26.0,340,32.3,169,49.1,234,50.0,156,36.0,59,35.8,303,42.1,56,38.5,229,67.7,166,-13.5,285
281,Denver,Sum,30,17,17,105.8,165,115.4,352,.2694,281,51.8,114,54.7,351,14.0,16,14.2,327,27.3,237,27.6,112,35.0,119,32.0,160,51.2,142,54.4,335,35.1,114,36.8,334,41.0,83,35.5,109,70.5,46,-12.2,255
282,The Citadel,SC,29,11,21,100.8,256,109.9,273,.2685,282,50.6,175,53.5,323,18.0,242,16.1,241,27.3,237,26.8,84,33.7,148,22.5,6,51.3,137,54.1,329,32.8,234,35.2,266,33.3,283,39.9,275,65.4,300,-15.7,315
283,USC Upstate,BSth,27,10,20,99.1,283,108.2,239,.2677,283,49.6,233,52.0,259,16.4,133,18.6,74,23.9,319,34.3,349,29.5,271,45.0,350,50.2,178,53.0,297,32.5,247,33.5,145,39.9,108,35.7,115,67.1,207,-15.2,310
284,Kennesaw St.,ASun,28,15,16,103.4,213,112.9,335,.2673,284,51.5,128,53.1,311,16.0,102,17.6,131,30.0,131,30.5,248,35.4,104,43.2,343,53.0,74,51.3,221,32.9,228,37.2,347,42.5,51,39.5,255,74.0,4,-12.5,265
285,Presbyterian,BSth,29,14,18,101.6,242,110.9,293,.2670,285,51.3,142,52.6,288,17.1,183,17.6,131,26.3,269,27.8,116,37.3,69,43.1,341,52.1,104,52.7,287,33.1,220,34.9,248,32.9,290,35.7,115,67.5,177,-14.0,300
286,Niagara,MAAC,31,16,16,101.4,244,110.8,292,.2650,286,52.0,101,52.2,271,17.4,203,16.5,208,23.4,331,26.8,84,36.0,94,30.7,128,51.2,142,52.1,257,35.9,64,35.0,253,31.8,305,27.6,6,67.3,191,-12.4,259
287,Wagner,NEC,30,17,15,95.5,329,104.8,167,.2548,287,45.1,347,48.3,64,15.8,91,16.9,175,29.1,160,27.2,100,26.4,338,30.1,115,43.3,356,50.7,193,32.0,274,29.8,9,38.0,160,41.2,305,61.4,361,-11.7,242
288,SIU Edwardsville,OVC,30,17,16,99.7,272,109.8,271,.2474,288,47.2,299,51.1,209,15.6,78,17.4,139,30.1,128,28.2,137,31.9,205,37.2,287,46.2,321,49.2,121,32.5,247,36.2,320,36.8,191,37.5,194,66.9,218,-12.0,248
289,FIU,CUSA,32,11,22,99.8,268,110.0,274,.2467,289,49.7,227,55.6,356,18.9,300,24.1,4,27.0,246,37.3,361,28.4,300,35.9,264,49.9,196,52.9,294,32.9,228,40.3,362,41.7,69,36.0,127,70.3,49,-16.3,318
290,Louisiana Monroe,SB,28,11,19,99.9,267,110.2,278,.2440,290,44.8,351,52.6,288,18.2,263,17.2,154,34.1,32,29.0,176,38.4,42,37.6,293,45.6,336,51.7,236,28.5,350,35.8,303,28.7,344,44.9,351,67.1,209,-13.3,282
291,Sacred Heart,NEC,30,16,16,101.0,254,111.5,308,.2439,291,51.5,128,51.6,246,17.1,183,20.1,33,25.9,278,32.6,324,31.7,213,31.9,155,50.2,178,50.6,184,35.9,64,35.3,274,34.1,265,41.6,311,69.2,82,-12.7,269
292,Valparaiso,MVC,31,7,25,99.4,279,109.7,269,.2427,292,46.2,331,54.5,345,15.9,97,17.3,145,25.7,285,30.3,232,23.3,357,30.7,128,45.0,344,55.0,344,32.1,268,35.8,303,36.3,205,35.2,98,67.9,150,-17.3,329
293,Boston University,Pat,32,16,17,97.8,306,108.0,235,.2416,293,47.8,282,50.0,149,17.7,217,16.9,175,26.6,260,23.0,4,30.2,255,36.2,272,46.8,310,48.7,98,32.8,234,34.6,234,40.8,90,41.0,296,65.8,270,-14.1,301
294,Old Dominion,SB,31,7,25,97.7,307,108.0,233,.2413,294,47.6,288,51.3,222,15.0,53,18.0,110,25.2,293,31.2,284,27.1,328,39.7,321,47.5,287,50.0,156,31.8,279,35.5,284,35.1,237,42.0,317,69.8,62,-19.3,349
295,Alcorn St.,SWAC,31,14,18,105.2,175,116.2,355,.2413,295,48.9,254,55.0,353,17.0,180,17.2,154,33.4,46,30.6,255,37.4,67,36.6,280,48.0,274,54.0,326,34.2,157,37.5,350,26.6,355,45.8,357,66.6,236,-11.3,231
296,Tennessee St.,OVC,29,18,15,97.6,309,108.0,232,.2387,296,48.8,258,48.8,83,19.7,325,18.6,74,28.4,192,32.0,314,38.1,51,44.3,347,49.8,204,48.6,95,31.3,301,32.7,105,35.9,216,34.3,75,68.3,130,-11.4,232
297,American,Pat,31,16,16,102.0,233,112.9,334,.2368,297,52.5,77,53.4,321,17.3,196,17.0,164,27.9,211,25.6,51,28.4,300,29.8,109,52.8,79,51.9,244,34.7,138,36.9,336,44.9,26,42.3,325,62.9,355,-12.4,262
298,DePaul,BE,32,3,29,100.4,260,111.2,305,.2365,298,48.1,276,56.5,361,19.9,327,14.5,316,22.0,348,32.3,322,33.5,155,28.4,76,47.0,303,56.1,357,33.5,198,38.1,357,34.8,250,41.1,300,67.7,160,-15.2,311
299,South Carolina St.,MEAC,30,14,18,97.9,300,108.5,242,.2358,299,45.7,339,52.2,271,21.3,351,21.8,14,37.7,6,31.0,274,36.5,84,49.2,362,44.5,348,53.3,307,32.3,256,33.6,154,31.9,304,38.3,220,68.8,99,-12.9,271
300,Jacksonville,ASun,30,16,17,98.3,294,109.3,254,.2286,300,48.7,259,52.3,278,19.2,314,17.4,139,34.6,29,30.7,262,36.3,86,40.4,328,47.7,282,51.5,228,33.8,181,35.7,293,33.1,287,40.9,294,65.8,273,-12.0,251
301,Delaware St.,MEAC,31,15,18,94.5,338,105.0,174,.2280,301,46.0,332,50.9,198,21.0,344,21.8,14,33.6,43,31.4,296,39.8,27,36.2,272,45.8,331,49.0,109,31.2,308,35.8,303,25.4,360,39.9,275,68.7,101,-14.0,299
302,Northern Illinois,MAC,29,11,20,101.1,250,112.6,330,.2246,302,49.8,220,52.9,304,18.1,249,14.3,324,28.0,207,31.2,284,36.2,90,34.7,233,50.2,178,51.8,240,32.7,239,36.7,330,39.1,129,35.8,121,68.2,133,-14.2,304
303,Campbell,CAA,29,14,18,100.4,261,111.9,319,.2243,303,52.0,101,52.2,271,18.1,249,16.4,215,23.8,322,31.2,284,33.7,148,23.6,11,52.0,107,52.9,294,34.6,142,34.1,198,38.6,141,43.3,342,66.4,251,-13.7,290
304,Bellarmine,ASun,28,8,23,99.7,270,111.2,303,.2231,304,49.0,251,53.9,330,14.5,34,14.6,315,21.8,351,29.4,197,21.4,362,31.9,155,48.3,264,55.1,346,33.6,195,35.0,253,37.3,184,44.4,348,65.0,312,-17.5,330
305,Chicago St.,ind,27,12,18,96.5,317,107.8,227,.2198,305,45.7,339,53.0,308,20.5,340,21.5,19,32.2,75,35.7,356,38.9,38,36.4,275,46.1,325,55.3,350,29.9,332,32.5,92,34.2,263,35.3,102,65.3,307,-12.4,261
306,Le Moyne,NEC,29,15,17,98.6,289,110.3,279,.2164,306,50.1,207,50.6,188,16.6,153,17.8,124,23.1,335,29.9,219,25.3,347,27.8,61,49.2,226,51.0,208,34.1,166,33.4,139,47.5,14,43.0,338,67.4,183,-13.8,291
307,Jackson St.,SWAC,32,15,17,99.7,273,111.5,312,.2158,307,47.0,309,52.6,288,19.0,304,19.0,58,34.9,26,32.0,314,34.7,127,34.5,230,46.2,321,52.4,278,32.5,247,35.2,266,33.8,272,39.6,260,68.7,102,-11.6,238
308,Southeastern Louisiana,Slnd,29,15,17,97.8,305,109.4,262,.2151,308,48.4,267,51.3,222,20.9,343,17.3,145,30.7,108,30.3,232,35.0,119,30.2,117,46.6,313,52.2,261,34.1,166,33.4,139,38.6,141,44.8,350,64.8,322,-11.7,244
309,Sacramento St.,BSky,32,10,24,97.6,310,109.4,263,.2104,309,48.7,259,54.1,336,22.8,359,15.6,277,34.1,32,25.8,54,32.9,174,32.7,182,48.7,248,55.1,346,32.4,253,35.0,253,41.2,78,38.6,236,64.0,339,-18.9,342
310,Elon,CAA,30,13,19,101.1,251,113.6,341,.2073,310,50.6,175,53.2,318,17.8,226,15.7,273,28.7,177,32.8,328,32.8,179,29.1,89,48.8,242,54.5,337,35.2,107,34.2,204,43.7,39,40.0,278,67.6,168,-14.0,297
311,Idaho,BSky,30,11,21,98.4,293,110.6,284,.2066,311,50.2,200,53.5,323,17.5,205,16.6,196,22.7,343,28.6,155,26.7,334,37.2,287,50.2,178,53.4,310,33.5,198,35.8,303,41.0,83,38.5,229,64.9,317,-16.6,321
312,Bethune Cookman,SWAC,31,17,16,96.7,315,108.7,244,.2062,312,47.1,303,49.9,142,19.9,327,21.9,12,29.4,150,32.9,330,39.0,35,48.7,361,46.9,307,49.0,109,31.8,279,34.3,210,30.3,325,35.7,115,69.4,72,-12.3,257
313,William & Mary,CAA,31,10,23,99.6,277,112.2,325,.2016,313,48.3,272,52.2,271,16.3,121,14.4,321,27.4,235,29.1,183,31.9,205,34.9,241,48.6,253,52.5,282,32.1,268,34.5,231,47.7,13,36.5,145,65.9,269,-18.6,341
314,South Dakota,Sum,29,12,20,103.1,218,116.4,356,.1990,314,51.9,106,53.1,311,18.3,270,11.7,361,27.5,227,28.6,155,30.5,245,27.3,45,49.6,213,52.3,269,37.6,17,36.2,320,34.5,258,38.3,220,68.8,98,-16.4,319
315,Coastal Carolina,SB,29,9,22,98.3,295,111.0,295,.1977,315,49.4,238,50.1,157,19.1,310,12.7,358,29.3,157,30.5,248,32.5,188,29.5,97,50.0,192,50.6,184,32.1,268,33.0,120,32.9,290,46.6,360,69.3,76,-17.7,332
316,Robert Morris,Horz,30,10,22,99.7,274,112.8,333,.1938,316,50.3,195,53.3,319,20.0,330,15.8,264,33.2,54,29.5,204,28.0,306,36.8,282,50.0,192,54.3,334,33.8,181,34.3,210,42.6,49,34.8,85,67.1,208,-17.2,327
317,Northern Arizona,BSky,33,14,19,97.8,304,110.8,290,.1926,317,49.3,245,52.9,304,18.1,249,16.7,191,24.1,314,31.1,281,31.1,231,37.4,290,50.7,161,55.4,351,31.2,308,32.0,67,35.2,235,34.0,66,68.3,131,-13.4,284
318,Western Michigan,MAC,31,12,20,97.8,303,111.0,295,.1891,318,48.7,259,50.9,198,19.7,325,15.5,280,33.7,42,29.6,208,31.5,221,31.5,142,48.4,260,50.8,198,32.8,234,34.1,198,38.9,132,38.5,229,68.4,120,-15.1,308
319,Alabama St.,SWAC,29,13,19,91.9,353,104.7,164,.1830,319,41.0,362,49.1,99,16.3,121,20.0,36,31.7,92,29.1,183,28.5,298,43.4,345,40.4,362,47.6,61,28.0,359,34.1,198,38.4,148,41.0,296,67.1,201,-13.7,289
320,Eastern Illinois,OVC,28,14,18,95.2,332,108.6,243,.1804,320,44.8,351,52.0,259,15.7,81,19.7,42,27.5,227,28.0,127,27.2,326,37.5,291,43.6,355,51.1,213,31.8,279,35.8,303,29.6,337,37.1,179,66.5,241,-13.1,274
321,Northwestern St.,Slnd,30,9,23,97.0,313,110.7,286,.1797,321,47.7,285,51.9,256,19.3,317,18.5,82,29.8,141,34.1,348,36.7,81,41.4,334,48.0,274,53.8,319,31.3,301,32.6,97,34.4,260,37.2,184,67.5,175,-18.4,339
322,Charleston Southern,BSth,27,10,20,93.5,344,106.8,215,.1785,322,45.2,346,50.9,198,18.1,249,13.4,345,27.0,246,29.0,176,31.2,229,33.5,205,44.1,351,52.3,269,31.4,298,31.9,61,35.9,216,31.5,27,66.8,229,-14.1,302
323,Lafayette,Pat,31,11,21,93.1,348,106.5,202,.1747,323,46.9,312,48.5,71,17.5,205,17.4,139,24.2,312,29.1,183,23.9,355,31.5,142,47.0,303,46.6,33,31.2,308,34.3,210,40.0,104,38.5,229,65.3,306,-16.9,325
324,Eastern Michigan,MAC,29,13,18,96.0,324,110.4,281,.1674,324,47.9,280,52.0,259,17.0,180,15.7,273,27.6,222,31.2,284,25.0,350,31.5,142,48.7,248,54.7,341,30.8,322,31.9,61,32.3,298,39.5,255,65.3,304,-14.0,298
325,Southern Indiana,OVC,29,8,24,96.4,321,111.7,315,.1551,325,45.6,341,49.5,115,19.4,319,16.6,196,27.0,246,28.5,147,37.6,63,48.6,360,44.5,348,49.3,127,31.6,292,33.3,135,36.3,205,37.5,194,69.1,88,-19.2,346
326,Alabama A&M,SWAC,34,12,22,92.5,350,107.3,220,.1529,326,45.8,338,48.9,86,22.5,358,19.6,44,31.9,84,32.4,323,47.7,2,45.9,353,47.1,298,46.7,37,28.2,356,35.1,262,26.7,354,37.1,179,70.6,41,-17.5,331
327,Navy,Pat,30,13,18,95.7,325,111.1,301,.1518,327,44.0,355,50.3,168,15.6,78,20.5,27,31.8,88,30.8,268,34.8,125,35.7,258,43.8,353,50.9,202,29.6,336,32.9,117,33.1,287,40.7,288,65.4,297,-15.3,312
328,NJIT,AE,27,7,21,97.4,311,113.2,336,.1513,328,44.6,354,52.4,282,16.4,133,16.6,196,28.3,198,32.9,330,31.2,229,39.7,321,44.7,346,52.3,269,29.6,336,35.0,253,39.2,126,35.8,121,66.4,249,-16.7,322
329,Hampton,CAA,30,9,24,95.3,331,111.2,304,.1453,329,46.7,320,51.6,246,17.9,234,15.0,305,27.9,211,31.9,310,29.4,274,29.9,110,46.9,307,52.1,257,30.9,321,33.9,171,38.6,141,39.0,245,69.8,64,-20.1,352
330,New Orleans,Slnd,29,10,23,97.9,302,114.4,349,.1428,330,45.5,343,54.4,341,17.3,196,19.1,56,28.4,192,34.9,351,39.2,34,38.7,305,45.5,340,54.9,343,30.2,326,35.5,284,29.3,338,31.7,31,71.3,26,-18.0,334
331,Arkansas Pine Bluff,SWAC,27,13,18,101.0,252,118.1,360,.1424,331,51.5,128,52.6,288,18.0,242,15.4,286,22.9,338,34.0,345,40.2,24,32.5,173,48.4,260,56.0,356,36.5,34,31.4,42,49.4,5,38.3,220,71.9,17,-13.2,279
332,Dartmouth,Ivy,25,6,21,93.3,345,109.2,253,.1405,332,47.6,288,54.2,338,19.4,319,13.4,345,20.7,356,24.5,17,27.8,312,24.4,12,48.2,267,53.2,304,31.2,308,37.0,339,42.7,48,42.4,327,65.0,313,-15.8,316
333,UT Rio Grande Valley,WAC,29,6,25,94.5,339,110.8,291,.1375,333,45.1,347,53.1,311,19.0,304,18.9,61,24.3,306,33.4,338,41.2,15,34.4,228,45.8,331,54.2,333,29.0,344,33.9,171,29.2,340,33.4,52,71.2,27,-19.3,347
334,Manhattan,MAAC,29,7,23,94.9,334,111.8,318,.1323,334,47.2,299,53.1,311,19.2,314,16.9,175,24.8,299,30.1,226,22.1,361,27.3,45,47.4,290,52.2,261,31.3,301,36.7,330,38.7,137,33.8,60,68.4,126,-18.3,338
335,Fairleigh Dickinson,NEC,30,15,17,95.5,327,112.7,331,.1304,335,47.1,303,52.9,304,17.2,191,19.0,58,27.8,217,31.2,284,34.9,123,32.0,160,46.7,311,52.4,278,31.8,279,35.7,293,39.3,123,40.5,285,72.2,15,-13.8,292
336,Morgan St.,MEAC,28,11,20,96.4,320,113.7,342,.1304,336,47.4,294,52.0,259,20.2,336,18.2,96,29.5,148,37.2,360,31.3,226,41.4,334,49.3,222,51.6,232,28.2,356,35.3,274,26.9,353,32.4,36,70.6,40,-15.5,314
337,Central Arkansas,ASun,30,9,23,96.3,323,113.8,344,.1278,337,47.5,292,54.0,333,18.1,249,15.4,286,28.3,198,31.4,296,29.3,277,33.7,211,45.2,341,51.9,244,34.2,157,37.9,353,37.8,166,42.1,321,69.2,84,-18.9,343
338,Texas A&M Commerce,Slnd,30,13,20,94.2,340,111.5,311,.1260,338,46.0,332,52.4,282,16.7,160,18.3,93,24.3,306,33.1,336,30.8,239,39.2,311,47.6,285,52.4,278,29.4,339,35.0,253,46.0,21,30.4,16,66.2,261,-14.0,296
339,Cal Poly,BW,31,4,28,93.6,342,111.6,314,.1168,339,46.0,332,51.5,239,18.6,284,17.3,145,24.3,306,33.6,339,31.3,226,41.9,337,44.1,351,50.8,198,33.0,223,35.6,289,34.0,270,30.3,15,65.7,280,-23.2,360
340,LIU Brooklyn,NEC,29,7,22,92.9,349,111.0,300,.1134,340,46.4,328,50.8,195,20.1,333,15.8,264,25.5,288,28.5,147,31.5,221,41.1,333,46.3,319,53.0,297,31.0,318,31.1,31,29.9,331,34.3,75,70.3,48,-18.3,336
341,Florida A&M,SWAC,27,6,23,92.0,352,110.1,276,.1120,341,47.5,292,51.8,253,21.4,353,16.3,227,26.3,269,31.7,304,28.0,306,39.2,311,46.0,328,51.1,213,34.1,166,35.3,274,29.9,331,36.6,148,68.1,140,-16.8,323
342,Loyola MD,Pat,31,7,25,93.5,343,112.1,321,.1110,342,47.2,299,53.3,319,20.4,339,15.6,277,29.2,159,26.4,67,30.0,257,32.6,177,46.1,325,53.3,307,32.7,239,35.6,289,38.7,137,36.6,148,65.8,275,-20.8,353
343,North Carolina A&T,CAA,32,7,25,94.8,336,113.7,343,.1102,343,43.9,356,54.5,345,13.8,11,15.9,258,24.3,306,34.0,345,34.0,140,29.5,97,44.4,350,55.5,352,28.7,348,35.2,266,35.7,222,37.2,184,68.0,144,-19.0,345
344,Buffalo,MAC,30,4,27,94.8,337,114.0,346,.1072,344,47.3,295,53.9,330,20.0,330,15.1,299,28.3,198,30.6,255,26.0,340,28.7,82,51.6,122,53.5,312,27.5,361,36.5,325,41.4,73,35.1,92,69.0,90,-22.1,356
345,Prairie View A&M,SWAC,29,10,21,93.2,346,112.0,320,.1072,345,45.6,341,53.7,327,17.7,217,22.6,8,26.5,263,35.2,352,36.9,76,46.6,356,45.6,336,54.1,329,30.4,325,35.2,266,26.4,356,32.9,44,70.9,34,-16.0,317
346,Army,Pat,30,10,22,90.5,355,108.9,246,.1067,346,47.1,303,50.3,168,18.9,300,16.6,196,27.0,246,25.5,41,25.4,345,31.6,147,46.5,316,50.6,184,31.8,279,33.2,132,45.1,24,39.5,255,63.1,352,-19.4,351
347,Incarnate Word,Slnd,29,8,23,95.2,333,114.5,350,.1063,347,48.2,274,51.8,253,21.7,355,15.1,299,30.0,131,30.0,222,37.1,73,40.7,329,48.3,264,50.2,169,32.0,274,36.7,330,39.7,114,34.4,77,69.9,56,-19.3,350
348,Detroit,Horz,32,1,31,96.4,319,116.1,354,.1056,348,47.3,295,55.9,359,19.4,319,17.3,145,25.9,278,35.2,352,30.3,252,31.9,155,50.4,170,56.1,357,28.1,358,37.1,343,36.9,189,37.2,184,67.1,206,-24.8,362
349,Tennessee Tech,OVC,28,10,21,94.1,341,113.3,337,.1049,349,49.0,251,52.5,285,17.8,226,15.4,286,18.9,360,28.1,132,31.0,234,24.6,14,49.2,226,52.7,287,32.3,256,34.8,242,34.1,265,37.7,202,65.7,281,-17.2,328
350,Holy Cross,Pat,32,10,23,99.2,280,120.7,362,.0947,350,50.1,207,53.6,326,16.5,143,12.8,356,23.2,332,28.1,132,25.9,343,30.6,126,48.7,248,50.7,193,35.0,121,38.7,359,37.7,169,39.7,268,65.7,278,-19.3,348
351,Maryland Eastern Shore,MEAC,25,9,20,88.8,359,109.1,252,.0862,351,43.0,359,50.9,198,20.0,330,18.9,61,28.8,175,33.7,341,32.7,182,37.8,294,43.3,356,51.7,236,28.3,353,33.0,120,34.8,250,36.2,131,67.2,199,-16.4,320
352,Pacific,WCC,30,6,26,94.8,335,116.5,357,.0860,352,46.5,325,56.3,360,16.9,175,16.1,241,18.8,361,33.2,337,37.1,73,36.4,275,46.0,328,58.2,361,31.5,296,35.7,293,36.3,205,39.7,268,68.3,127,-19.0,344
353,Houston Christian,Slnd,27,6,23,96.5,318,119.4,361,.0791,353,46.9,312,54.0,333,21.0,344,13.6,342,29.7,145,33.7,341,36.8,77,28.6,81,47.9,277,55.5,352,29.5,338,34.0,182,28.0,350,34.1,68,71.6,22,-17.1,326
354,Southeast Missouri St.,OVC,27,9,22,90.2,357,111.8,316,.0784,354,45.1,347,52.0,259,17.3,196,17.2,154,24.0,316,29.5,204,27.0,329,44.2,346,45.1,343,54.0,326,30.0,330,31.5,49,33.5,278,30.5,18,69.3,81,-18.3,337
355,Lindenwood,OVC,28,9,22,91.2,354,113.4,338,.0757,355,43.3,358,53.9,330,17.9,234,17.7,128,23.6,327,28.7,162,38.3,43,40.2,327,43.2,358,52.5,282,29.0,344,37.6,352,30.7,320,37.4,192,67.4,180,-18.1,335
356,Siena,MAAC,32,4,28,90.1,358,112.2,324,.0740,356,44.7,353,51.8,253,23.4,361,14.8,311,33.2,54,31.2,284,30.8,239,28.0,64,46.1,325,51.3,221,28.0,359,35.2,266,34.3,262,34.1,68,66.0,264,-23.6,361
357,VMI,SC,29,4,28,87.8,360,110.7,285,.0651,357,46.0,332,54.4,341,21.2,346,15.1,299,23.8,322,30.6,255,27.6,316,30.9,133,46.7,311,54.5,337,29.7,334,36.2,320,33.3,283,38.4,225,74.7,2,-22.6,358
358,Stonehill,NEC,30,4,27,90.4,356,114.2,347,.0638,358,46.7,320,52.7,296,19.5,322,16.6,196,22.5,344,31.0,274,22.6,358,29.4,93,47.9,277,51.7,236,30.1,327,35.9,311,47.0,17,46.2,359,68.1,137,-21.9,355
359,St. Francis PA,NEC,28,8,22,93.1,347,117.9,359,.0620,359,47.2,299,53.0,308,21.2,346,17.1,160,32.9,59,31.3,292,32.6,185,35.4,255,45.7,333,52.9,294,33.2,213,35.4,279,35.1,237,37.1,179,65.5,293,-18.6,340
360,IUPUI,Horz,29,6,26,92.1,351,116.8,358,.0610,360,46.5,325,58.2,362,21.3,351,18.5,82,30.0,131,35.5,355,33.2,164,33.4,202,49.5,216,59.0,362,24.7,362,38.0,355,24.3,361,37.5,194,67.3,189,-21.6,354
361,Coppin St.,MEAC,29,2,27,85.0,362,111.2,302,.0437,361,42.1,361,51.3,222,22.9,360,21.8,14,27.0,246,38.6,362,31.1,231,38.3,298,41.9,360,51.0,208,28.3,353,34.5,231,34.4,260,37.6,200,66.3,252,-23.0,359
362,Mississippi Valley St.,SWAC,31,1,30,85.6,361,115.9,353,.0298,362,42.5,360,55.6,356,24.0,362,17.2,154,27.9,211,35.7,356,33.0,170,41.6,336,41.9,360,55.6,354,29.2,343,37.0,339,30.4,323,36.5,145,64.5,329,-22.6,357
